config,subset,n,acc,bal_acc,encoder,pooling,layer,rel_depth
majority,augmented,137,0.7372262773722628,0.5,,,,
majority,official,34,0.5784313725490197,0.5069444444444444,,,,
majority,official:DeepSeek-R1-0528-Qwen3-8B,10,0.3,0.5,,,,
majority,official:Olmo-3-7B-Think,9,0.7777777777777778,0.5,,,,
majority,official:Qwen3.5-4B,12,0.6666666666666666,0.5,,,,
majority,official:Skywork-OR1-Math-7B,3,0.5555555555555555,0.5,,,,
text,augmented,137,0.705596107055961,0.6305005500550055,,,,
text,official,34,0.6274509803921569,0.4833333333333334,,,,
text,official:DeepSeek-R1-0528-Qwen3-8B,10,0.43333333333333335,0.43650793650793646,,,,
text,official:Olmo-3-7B-Think,9,0.7777777777777778,0.5,,,,
text,official:Qwen3.5-4B,12,0.6666666666666666,0.5,,,,
text,official:Skywork-OR1-Math-7B,3,0.6666666666666666,0.5,,,,
shared,augmented,137,0.7372262773722628,0.5,Qwen/Qwen3.5-4B,last,0.0,0.0
shared,official,34,0.5882352941176471,0.5041666666666667,Qwen/Qwen3.5-4B,last,0.0,0.0
shared,official:DeepSeek-R1-0528-Qwen3-8B,10,0.3,0.5,Qwen/Qwen3.5-4B,last,0.0,0.0
shared,official:Olmo-3-7B-Think,9,0.7777777777777778,0.5,Qwen/Qwen3.5-4B,last,0.0,0.0
shared,official:Qwen3.5-4B,12,0.6666666666666666,0.5,Qwen/Qwen3.5-4B,last,0.0,0.0
shared,official:Skywork-OR1-Math-7B,3,0.6666666666666666,0.5,Qwen/Qwen3.5-4B,last,0.0,0.0
shared,augmented,137,0.6472019464720195,0.5730198019801981,Qwen/Qwen3.5-4B,last,1.0,0.03125
shared,official,34,0.5392156862745098,0.5569444444444445,Qwen/Qwen3.5-4B,last,1.0,0.03125
shared,official:DeepSeek-R1-0528-Qwen3-8B,10,0.4666666666666666,0.49206349206349204,Qwen/Qwen3.5-4B,last,1.0,0.03125
shared,official:Olmo-3-7B-Think,9,0.5185185185185185,0.5119047619047619,Qwen/Qwen3.5-4B,last,1.0,0.03125
shared,official:Qwen3.5-4B,12,0.5555555555555556,0.5625,Qwen/Qwen3.5-4B,last,1.0,0.03125
shared,official:Skywork-OR1-Math-7B,3,0.7777777777777777,0.8333333333333334,Qwen/Qwen3.5-4B,last,1.0,0.03125
shared,augmented,137,0.6520681265206812,0.5554638797213055,Qwen/Qwen3.5-4B,last,2.0,0.0625
shared,official,34,0.5098039215686274,0.49722222222222223,Qwen/Qwen3.5-4B,last,2.0,0.0625
shared,official:DeepSeek-R1-0528-Qwen3-8B,10,0.5333333333333333,0.5396825396825397,Qwen/Qwen3.5-4B,last,2.0,0.0625
shared,official:Olmo-3-7B-Think,9,0.3703703703703704,0.35714285714285715,Qwen/Qwen3.5-4B,last,2.0,0.0625
shared,official:Qwen3.5-4B,12,0.5,0.4791666666666667,Qwen/Qwen3.5-4B,last,2.0,0.0625
shared,official:Skywork-OR1-Math-7B,3,0.8888888888888888,0.8333333333333334,Qwen/Qwen3.5-4B,last,2.0,0.0625
shared,augmented,137,0.6496350364963503,0.5508342500916759,Qwen/Qwen3.5-4B,last,3.0,0.09375
shared,official,34,0.5294117647058824,0.5305555555555556,Qwen/Qwen3.5-4B,last,3.0,0.09375
shared,official:DeepSeek-R1-0528-Qwen3-8B,10,0.5333333333333333,0.5396825396825397,Qwen/Qwen3.5-4B,last,3.0,0.09375
shared,official:Olmo-3-7B-Think,9,0.3703703703703704,0.35714285714285715,Qwen/Qwen3.5-4B,last,3.0,0.09375
shared,official:Qwen3.5-4B,12,0.5555555555555556,0.5625,Qwen/Qwen3.5-4B,last,3.0,0.09375
shared,official:Skywork-OR1-Math-7B,3,0.8888888888888888,0.8333333333333334,Qwen/Qwen3.5-4B,last,3.0,0.09375
shared,augmented,137,0.6618004866180048,0.56504400440044,Qwen/Qwen3.5-4B,last,4.0,0.125
shared,official,34,0.5490196078431372,0.5444444444444444,Qwen/Qwen3.5-4B,last,4.0,0.125
shared,official:DeepSeek-R1-0528-Qwen3-8B,10,0.4666666666666666,0.4603174603174603,Qwen/Qwen3.5-4B,last,4.0,0.125
shared,official:Olmo-3-7B-Think,9,0.40740740740740744,0.38095238095238093,Qwen/Qwen3.5-4B,last,4.0,0.125
shared,official:Qwen3.5-4B,12,0.6666666666666666,0.6875,Qwen/Qwen3.5-4B,last,4.0,0.125
shared,official:Skywork-OR1-Math-7B,3,0.7777777777777777,0.6666666666666666,Qwen/Qwen3.5-4B,last,4.0,0.125
shared,augmented,137,0.6763990267639902,0.6047396406307297,Qwen/Qwen3.5-4B,last,5.0,0.15625
shared,official,34,0.5294117647058824,0.48194444444444445,Qwen/Qwen3.5-4B,last,5.0,0.15625
shared,official:DeepSeek-R1-0528-Qwen3-8B,10,0.3666666666666667,0.29365079365079366,Qwen/Qwen3.5-4B,last,5.0,0.15625
shared,official:Olmo-3-7B-Think,9,0.4074074074074074,0.32142857142857145,Qwen/Qwen3.5-4B,last,5.0,0.15625
shared,official:Qwen3.5-4B,12,0.6944444444444443,0.6875,Qwen/Qwen3.5-4B,last,5.0,0.15625
shared,official:Skywork-OR1-Math-7B,3,0.7777777777777777,0.6666666666666666,Qwen/Qwen3.5-4B,last,5.0,0.15625
shared,augmented,137,0.6690997566909975,0.5908507517418409,Qwen/Qwen3.5-4B,last,6.0,0.1875
shared,official,34,0.5392156862745098,0.4986111111111111,Qwen/Qwen3.5-4B,last,6.0,0.1875
shared,official:DeepSeek-R1-0528-Qwen3-8B,10,0.43333333333333335,0.373015873015873,Qwen/Qwen3.5-4B,last,6.0,0.1875
shared,official:Olmo-3-7B-Think,9,0.4444444444444444,0.3452380952380952,Qwen/Qwen3.5-4B,last,6.0,0.1875
shared,official:Qwen3.5-4B,12,0.6388888888888888,0.6458333333333334,Qwen/Qwen3.5-4B,last,6.0,0.1875
shared,official:Skywork-OR1-Math-7B,3,0.7777777777777777,0.6666666666666666,Qwen/Qwen3.5-4B,last,6.0,0.1875
shared,augmented,137,0.6812652068126521,0.611019435276861,Qwen/Qwen3.5-4B,last,7.0,0.21875
shared,official,34,0.5980392156862745,0.5791666666666666,Qwen/Qwen3.5-4B,last,7.0,0.21875
shared,official:DeepSeek-R1-0528-Qwen3-8B,10,0.4666666666666666,0.39682539682539675,Qwen/Qwen3.5-4B,last,7.0,0.21875
shared,official:Olmo-3-7B-Think,9,0.5185185185185185,0.4523809523809524,Qwen/Qwen3.5-4B,last,7.0,0.21875
shared,official:Qwen3.5-4B,12,0.6944444444444443,0.7291666666666666,Qwen/Qwen3.5-4B,last,7.0,0.21875
shared,official:Skywork-OR1-Math-7B,3,0.8888888888888888,0.8333333333333334,Qwen/Qwen3.5-4B,last,7.0,0.21875
shared,augmented,137,0.6885644768856448,0.61001100110011,Qwen/Qwen3.5-4B,last,8.0,0.25
shared,official,34,0.6176470588235294,0.6124999999999999,Qwen/Qwen3.5-4B,last,8.0,0.25
shared,official:DeepSeek-R1-0528-Qwen3-8B,10,0.4666666666666666,0.42857142857142855,Qwen/Qwen3.5-4B,last,8.0,0.25
shared,official:Olmo-3-7B-Think,9,0.5185185185185185,0.4523809523809524,Qwen/Qwen3.5-4B,last,8.0,0.25
shared,official:Qwen3.5-4B,12,0.75,0.7916666666666666,Qwen/Qwen3.5-4B,last,8.0,0.25
shared,official:Skywork-OR1-Math-7B,3,0.8888888888888888,0.8333333333333334,Qwen/Qwen3.5-4B,last,8.0,0.25
shared,augmented,137,0.705596107055961,0.6185826916024936,Qwen/Qwen3.5-4B,last,9.0,0.28125
shared,official,34,0.6470588235294118,0.6527777777777778,Qwen/Qwen3.5-4B,last,9.0,0.28125
shared,official:DeepSeek-R1-0528-Qwen3-8B,10,0.5333333333333333,0.5396825396825397,Qwen/Qwen3.5-4B,last,9.0,0.28125
shared,official:Olmo-3-7B-Think,9,0.6296296296296297,0.6428571428571429,Qwen/Qwen3.5-4B,last,9.0,0.28125
shared,official:Qwen3.5-4B,12,0.6944444444444443,0.7083333333333334,Qwen/Qwen3.5-4B,last,9.0,0.28125
shared,official:Skywork-OR1-Math-7B,3,0.8888888888888888,0.8333333333333334,Qwen/Qwen3.5-4B,last,9.0,0.28125
shared,augmented,137,0.7201946472019465,0.6344426109277594,Qwen/Qwen3.5-4B,last,10.0,0.3125
shared,official,34,0.6176470588235294,0.6124999999999999,Qwen/Qwen3.5-4B,last,10.0,0.3125
shared,official:DeepSeek-R1-0528-Qwen3-8B,10,0.5,0.48412698412698413,Qwen/Qwen3.5-4B,last,10.0,0.3125
shared,official:Olmo-3-7B-Think,9,0.6296296296296297,0.6428571428571429,Qwen/Qwen3.5-4B,last,10.0,0.3125
shared,official:Qwen3.5-4B,12,0.6111111111111112,0.6041666666666666,Qwen/Qwen3.5-4B,last,10.0,0.3125
shared,official:Skywork-OR1-Math-7B,3,1.0,1.0,Qwen/Qwen3.5-4B,last,10.0,0.3125
shared,augmented,137,0.683698296836983,0.6007517418408508,Qwen/Qwen3.5-4B,last,11.0,0.34375
shared,official,34,0.6666666666666666,0.6763888888888889,Qwen/Qwen3.5-4B,last,11.0,0.34375
shared,official:DeepSeek-R1-0528-Qwen3-8B,10,0.5666666666666667,0.5952380952380952,Qwen/Qwen3.5-4B,last,11.0,0.34375
shared,official:Olmo-3-7B-Think,9,0.7037037037037037,0.6904761904761906,Qwen/Qwen3.5-4B,last,11.0,0.34375
shared,official:Qwen3.5-4B,12,0.6666666666666666,0.6875,Qwen/Qwen3.5-4B,last,11.0,0.34375
shared,official:Skywork-OR1-Math-7B,3,0.8888888888888888,0.8333333333333334,Qwen/Qwen3.5-4B,last,11.0,0.34375
shared,augmented,137,0.683698296836983,0.6126696002933626,Qwen/Qwen3.5-4B,last,12.0,0.375
shared,official,34,0.6862745098039217,0.7097222222222223,Qwen/Qwen3.5-4B,last,12.0,0.375
shared,official:DeepSeek-R1-0528-Qwen3-8B,10,0.6,0.6190476190476191,Qwen/Qwen3.5-4B,last,12.0,0.375
shared,official:Olmo-3-7B-Think,9,0.7407407407407408,0.8333333333333334,Qwen/Qwen3.5-4B,last,12.0,0.375
shared,official:Qwen3.5-4B,12,0.6388888888888888,0.6458333333333334,Qwen/Qwen3.5-4B,last,12.0,0.375
shared,official:Skywork-OR1-Math-7B,3,1.0,1.0,Qwen/Qwen3.5-4B,last,12.0,0.375
shared,augmented,137,0.6861313868613138,0.6143197653098643,Qwen/Qwen3.5-4B,last,13.0,0.40625
shared,official,34,0.6568627450980392,0.6791666666666667,Qwen/Qwen3.5-4B,last,13.0,0.40625
shared,official:DeepSeek-R1-0528-Qwen3-8B,10,0.6,0.6190476190476191,Qwen/Qwen3.5-4B,last,13.0,0.40625
shared,official:Olmo-3-7B-Think,9,0.6666666666666666,0.7261904761904763,Qwen/Qwen3.5-4B,last,13.0,0.40625
shared,official:Qwen3.5-4B,12,0.638888888888889,0.6666666666666666,Qwen/Qwen3.5-4B,last,13.0,0.40625
shared,official:Skywork-OR1-Math-7B,3,0.8888888888888888,0.8333333333333334,Qwen/Qwen3.5-4B,last,13.0,0.40625
shared,augmented,137,0.6909975669099757,0.6027227722772278,Qwen/Qwen3.5-4B,last,14.0,0.4375
shared,official,34,0.6568627450980392,0.6597222222222222,Qwen/Qwen3.5-4B,last,14.0,0.4375
shared,official:DeepSeek-R1-0528-Qwen3-8B,10,0.5666666666666667,0.5634920634920635,Qwen/Qwen3.5-4B,last,14.0,0.4375
shared,official:Olmo-3-7B-Think,9,0.7037037037037037,0.75,Qwen/Qwen3.5-4B,last,14.0,0.4375
shared,official:Qwen3.5-4B,12,0.6388888888888888,0.6458333333333334,Qwen/Qwen3.5-4B,last,14.0,0.4375
shared,official:Skywork-OR1-Math-7B,3,0.8888888888888888,0.8333333333333334,Qwen/Qwen3.5-4B,last,14.0,0.4375
shared,augmented,137,0.6666666666666666,0.5713237990465713,Qwen/Qwen3.5-4B,last,15.0,0.46875
shared,official,34,0.6470588235294118,0.6333333333333334,Qwen/Qwen3.5-4B,last,15.0,0.46875
shared,official:DeepSeek-R1-0528-Qwen3-8B,10,0.5666666666666667,0.5634920634920635,Qwen/Qwen3.5-4B,last,15.0,0.46875
shared,official:Olmo-3-7B-Think,9,0.7037037037037037,0.6904761904761906,Qwen/Qwen3.5-4B,last,15.0,0.46875
shared,official:Qwen3.5-4B,12,0.611111111111111,0.6041666666666666,Qwen/Qwen3.5-4B,last,15.0,0.46875
shared,official:Skywork-OR1-Math-7B,3,0.8888888888888888,0.8333333333333334,Qwen/Qwen3.5-4B,last,15.0,0.46875
shared,augmented,137,0.6423357664233577,0.5578016134946827,Qwen/Qwen3.5-4B,last,16.0,0.5
shared,official,34,0.6274509803921569,0.6194444444444445,Qwen/Qwen3.5-4B,last,16.0,0.5
shared,official:DeepSeek-R1-0528-Qwen3-8B,10,0.6,0.6190476190476191,Qwen/Qwen3.5-4B,last,16.0,0.5
shared,official:Olmo-3-7B-Think,9,0.6296296296296297,0.5833333333333334,Qwen/Qwen3.5-4B,last,16.0,0.5
shared,official:Qwen3.5-4B,12,0.5833333333333334,0.5833333333333334,Qwen/Qwen3.5-4B,last,16.0,0.5
shared,official:Skywork-OR1-Math-7B,3,0.8888888888888888,0.8333333333333334,Qwen/Qwen3.5-4B,last,16.0,0.5
shared,augmented,137,0.6423357664233577,0.5488632196552988,Qwen/Qwen3.5-4B,last,17.0,0.53125
shared,official,34,0.607843137254902,0.5666666666666668,Qwen/Qwen3.5-4B,last,17.0,0.53125
shared,official:DeepSeek-R1-0528-Qwen3-8B,10,0.5666666666666667,0.5634920634920635,Qwen/Qwen3.5-4B,last,17.0,0.53125
shared,official:Olmo-3-7B-Think,9,0.6296296296296297,0.5238095238095238,Qwen/Qwen3.5-4B,last,17.0,0.53125
shared,official:Qwen3.5-4B,12,0.5833333333333334,0.5625,Qwen/Qwen3.5-4B,last,17.0,0.53125
shared,official:Skywork-OR1-Math-7B,3,0.7777777777777777,0.6666666666666666,Qwen/Qwen3.5-4B,last,17.0,0.53125
shared,augmented,137,0.6690997566909975,0.578932893289329,Qwen/Qwen3.5-4B,last,18.0,0.5625
shared,official,34,0.6470588235294118,0.6527777777777778,Qwen/Qwen3.5-4B,last,18.0,0.5625
shared,official:DeepSeek-R1-0528-Qwen3-8B,10,0.6,0.6190476190476191,Qwen/Qwen3.5-4B,last,18.0,0.5625
shared,official:Olmo-3-7B-Think,9,0.7037037037037037,0.75,Qwen/Qwen3.5-4B,last,18.0,0.5625
shared,official:Qwen3.5-4B,12,0.5555555555555555,0.5416666666666666,Qwen/Qwen3.5-4B,last,18.0,0.5625
shared,official:Skywork-OR1-Math-7B,3,1.0,1.0,Qwen/Qwen3.5-4B,last,18.0,0.5625
shared,augmented,137,0.6861313868613138,0.5964429776310965,Qwen/Qwen3.5-4B,last,19.0,0.59375
shared,official,34,0.5980392156862745,0.5499999999999999,Qwen/Qwen3.5-4B,last,19.0,0.59375
shared,official:DeepSeek-R1-0528-Qwen3-8B,10,0.5666666666666667,0.5317460317460317,Qwen/Qwen3.5-4B,last,19.0,0.59375
shared,official:Olmo-3-7B-Think,9,0.7037037037037037,0.6904761904761906,Qwen/Qwen3.5-4B,last,19.0,0.59375
shared,official:Qwen3.5-4B,12,0.5,0.4583333333333333,Qwen/Qwen3.5-4B,last,19.0,0.59375
shared,official:Skywork-OR1-Math-7B,3,0.7777777777777777,0.6666666666666666,Qwen/Qwen3.5-4B,last,19.0,0.59375
shared,augmented,137,0.708029197080292,0.6261917858452511,Qwen/Qwen3.5-4B,last,20.0,0.625
shared,official,34,0.7156862745098039,0.701388888888889,Qwen/Qwen3.5-4B,last,20.0,0.625
shared,official:DeepSeek-R1-0528-Qwen3-8B,10,0.5666666666666667,0.5634920634920635,Qwen/Qwen3.5-4B,last,20.0,0.625
shared,official:Olmo-3-7B-Think,9,0.8148148148148149,0.8214285714285715,Qwen/Qwen3.5-4B,last,20.0,0.625
shared,official:Qwen3.5-4B,12,0.7222222222222222,0.7083333333333334,Qwen/Qwen3.5-4B,last,20.0,0.625
shared,official:Skywork-OR1-Math-7B,3,0.8888888888888888,0.8333333333333334,Qwen/Qwen3.5-4B,last,20.0,0.625
shared,augmented,137,0.7104622871046229,0.6218830216354969,Qwen/Qwen3.5-4B,last,21.0,0.65625
shared,official,34,0.6862745098039215,0.6416666666666667,Qwen/Qwen3.5-4B,last,21.0,0.65625
shared,official:DeepSeek-R1-0528-Qwen3-8B,10,0.5666666666666667,0.5317460317460317,Qwen/Qwen3.5-4B,last,21.0,0.65625
shared,official:Olmo-3-7B-Think,9,0.7777777777777777,0.7380952380952381,Qwen/Qwen3.5-4B,last,21.0,0.65625
shared,official:Qwen3.5-4B,12,0.6944444444444443,0.6666666666666666,Qwen/Qwen3.5-4B,last,21.0,0.65625
shared,official:Skywork-OR1-Math-7B,3,0.7777777777777777,0.6666666666666666,Qwen/Qwen3.5-4B,last,21.0,0.65625
shared,augmented,137,0.7031630170316302,0.610973597359736,Qwen/Qwen3.5-4B,last,22.0,0.6875
shared,official,34,0.6470588235294118,0.6138888888888889,Qwen/Qwen3.5-4B,last,22.0,0.6875
shared,official:DeepSeek-R1-0528-Qwen3-8B,10,0.5333333333333333,0.5079365079365079,Qwen/Qwen3.5-4B,last,22.0,0.6875
shared,official:Olmo-3-7B-Think,9,0.7037037037037037,0.6904761904761906,Qwen/Qwen3.5-4B,last,22.0,0.6875
shared,official:Qwen3.5-4B,12,0.6666666666666666,0.6458333333333334,Qwen/Qwen3.5-4B,last,22.0,0.6875
shared,official:Skywork-OR1-Math-7B,3,0.7777777777777777,0.6666666666666666,Qwen/Qwen3.5-4B,last,22.0,0.6875
shared,augmented,137,0.6861313868613138,0.5994224422442245,Qwen/Qwen3.5-4B,last,23.0,0.71875
shared,official,34,0.6274509803921569,0.6,Qwen/Qwen3.5-4B,last,23.0,0.71875
shared,official:DeepSeek-R1-0528-Qwen3-8B,10,0.5333333333333333,0.5079365079365079,Qwen/Qwen3.5-4B,last,23.0,0.71875
shared,official:Olmo-3-7B-Think,9,0.7037037037037037,0.6904761904761906,Qwen/Qwen3.5-4B,last,23.0,0.71875
shared,official:Qwen3.5-4B,12,0.6111111111111112,0.6041666666666666,Qwen/Qwen3.5-4B,last,23.0,0.71875
shared,official:Skywork-OR1-Math-7B,3,0.7777777777777777,0.6666666666666666,Qwen/Qwen3.5-4B,last,23.0,0.71875
shared,augmented,137,0.7031630170316302,0.616932526585992,Qwen/Qwen3.5-4B,last,24.0,0.75
shared,official,34,0.6274509803921569,0.5805555555555556,Qwen/Qwen3.5-4B,last,24.0,0.75
shared,official:DeepSeek-R1-0528-Qwen3-8B,10,0.5666666666666667,0.5317460317460317,Qwen/Qwen3.5-4B,last,24.0,0.75
shared,official:Olmo-3-7B-Think,9,0.6666666666666666,0.6071428571428572,Qwen/Qwen3.5-4B,last,24.0,0.75
shared,official:Qwen3.5-4B,12,0.638888888888889,0.625,Qwen/Qwen3.5-4B,last,24.0,0.75
shared,official:Skywork-OR1-Math-7B,3,0.6666666666666666,0.5,Qwen/Qwen3.5-4B,last,24.0,0.75
shared,augmented,137,0.6958637469586374,0.6149614961496149,Qwen/Qwen3.5-4B,last,25.0,0.78125
shared,official,34,0.6862745098039215,0.6416666666666667,Qwen/Qwen3.5-4B,last,25.0,0.78125
shared,official:DeepSeek-R1-0528-Qwen3-8B,10,0.5333333333333333,0.5079365079365079,Qwen/Qwen3.5-4B,last,25.0,0.78125
shared,official:Olmo-3-7B-Think,9,0.7777777777777778,0.7380952380952381,Qwen/Qwen3.5-4B,last,25.0,0.78125
shared,official:Qwen3.5-4B,12,0.7222222222222223,0.6875,Qwen/Qwen3.5-4B,last,25.0,0.78125
shared,official:Skywork-OR1-Math-7B,3,0.7777777777777777,0.6666666666666666,Qwen/Qwen3.5-4B,last,25.0,0.78125
shared,augmented,137,0.7031630170316302,0.616932526585992,Qwen/Qwen3.5-4B,last,26.0,0.8125
shared,official,34,0.6960784313725491,0.638888888888889,Qwen/Qwen3.5-4B,last,26.0,0.8125
shared,official:DeepSeek-R1-0528-Qwen3-8B,10,0.5666666666666667,0.5,Qwen/Qwen3.5-4B,last,26.0,0.8125
shared,official:Olmo-3-7B-Think,9,0.7777777777777778,0.7380952380952381,Qwen/Qwen3.5-4B,last,26.0,0.8125
shared,official:Qwen3.5-4B,12,0.7222222222222223,0.6875,Qwen/Qwen3.5-4B,last,26.0,0.8125
shared,official:Skywork-OR1-Math-7B,3,0.7777777777777777,0.6666666666666666,Qwen/Qwen3.5-4B,last,26.0,0.8125
shared,augmented,137,0.7201946472019465,0.6344426109277594,Qwen/Qwen3.5-4B,last,27.0,0.84375
shared,official,34,0.7058823529411765,0.6555555555555556,Qwen/Qwen3.5-4B,last,27.0,0.84375
shared,official:DeepSeek-R1-0528-Qwen3-8B,10,0.5666666666666667,0.5317460317460317,Qwen/Qwen3.5-4B,last,27.0,0.84375
shared,official:Olmo-3-7B-Think,9,0.7777777777777777,0.7380952380952381,Qwen/Qwen3.5-4B,last,27.0,0.84375
shared,official:Qwen3.5-4B,12,0.75,0.7083333333333334,Qwen/Qwen3.5-4B,last,27.0,0.84375
shared,official:Skywork-OR1-Math-7B,3,0.7777777777777777,0.6666666666666666,Qwen/Qwen3.5-4B,last,27.0,0.84375
shared,augmented,137,0.7128953771289538,0.6294921158782545,Qwen/Qwen3.5-4B,last,28.0,0.875
shared,official,34,0.7156862745098039,0.6625,Qwen/Qwen3.5-4B,last,28.0,0.875
shared,official:DeepSeek-R1-0528-Qwen3-8B,10,0.6,0.5555555555555555,Qwen/Qwen3.5-4B,last,28.0,0.875
shared,official:Olmo-3-7B-Think,9,0.7777777777777777,0.7380952380952381,Qwen/Qwen3.5-4B,last,28.0,0.875
shared,official:Qwen3.5-4B,12,0.75,0.7083333333333334,Qwen/Qwen3.5-4B,last,28.0,0.875
shared,official:Skywork-OR1-Math-7B,3,0.7777777777777777,0.6666666666666666,Qwen/Qwen3.5-4B,last,28.0,0.875
shared,augmented,137,0.708029197080292,0.6172533920058673,Qwen/Qwen3.5-4B,last,29.0,0.90625
shared,official,34,0.676470588235294,0.6055555555555555,Qwen/Qwen3.5-4B,last,29.0,0.90625
shared,official:DeepSeek-R1-0528-Qwen3-8B,10,0.4666666666666666,0.3650793650793651,Qwen/Qwen3.5-4B,last,29.0,0.90625
shared,official:Olmo-3-7B-Think,9,0.7777777777777777,0.7380952380952381,Qwen/Qwen3.5-4B,last,29.0,0.90625
shared,official:Qwen3.5-4B,12,0.75,0.7083333333333334,Qwen/Qwen3.5-4B,last,29.0,0.90625
shared,official:Skywork-OR1-Math-7B,3,0.7777777777777777,0.6666666666666666,Qwen/Qwen3.5-4B,last,29.0,0.90625
shared,augmented,137,0.7031630170316302,0.610973597359736,Qwen/Qwen3.5-4B,last,30.0,0.9375
shared,official,34,0.7254901960784315,0.6597222222222222,Qwen/Qwen3.5-4B,last,30.0,0.9375
shared,official:DeepSeek-R1-0528-Qwen3-8B,10,0.5666666666666667,0.5,Qwen/Qwen3.5-4B,last,30.0,0.9375
shared,official:Olmo-3-7B-Think,9,0.8518518518518517,0.7857142857142857,Qwen/Qwen3.5-4B,last,30.0,0.9375
shared,official:Qwen3.5-4B,12,0.75,0.7083333333333334,Qwen/Qwen3.5-4B,last,30.0,0.9375
shared,official:Skywork-OR1-Math-7B,3,0.7777777777777777,0.6666666666666666,Qwen/Qwen3.5-4B,last,30.0,0.9375
shared,augmented,137,0.6909975669099757,0.5908049138247158,Qwen/Qwen3.5-4B,last,31.0,0.96875
shared,official,34,0.6176470588235294,0.5638888888888889,Qwen/Qwen3.5-4B,last,31.0,0.96875
shared,official:DeepSeek-R1-0528-Qwen3-8B,10,0.4666666666666666,0.3650793650793651,Qwen/Qwen3.5-4B,last,31.0,0.96875
shared,official:Olmo-3-7B-Think,9,0.7037037037037037,0.6904761904761906,Qwen/Qwen3.5-4B,last,31.0,0.96875
shared,official:Qwen3.5-4B,12,0.638888888888889,0.625,Qwen/Qwen3.5-4B,last,31.0,0.96875
shared,official:Skywork-OR1-Math-7B,3,0.7777777777777777,0.6666666666666666,Qwen/Qwen3.5-4B,last,31.0,0.96875
shared,augmented,137,0.708029197080292,0.6142739273927393,Qwen/Qwen3.5-4B,last,32.0,1.0
shared,official,34,0.5980392156862745,0.5499999999999999,Qwen/Qwen3.5-4B,last,32.0,1.0
shared,official:DeepSeek-R1-0528-Qwen3-8B,10,0.43333333333333335,0.3412698412698412,Qwen/Qwen3.5-4B,last,32.0,1.0
shared,official:Olmo-3-7B-Think,9,0.6666666666666666,0.6666666666666666,Qwen/Qwen3.5-4B,last,32.0,1.0
shared,official:Qwen3.5-4B,12,0.638888888888889,0.625,Qwen/Qwen3.5-4B,last,32.0,1.0
shared,official:Skywork-OR1-Math-7B,3,0.7777777777777777,0.6666666666666666,Qwen/Qwen3.5-4B,last,32.0,1.0
self,official,12,0.6666666666666666,0.5,Qwen/Qwen3.5-4B,last,0.0,0.0
self,official:Qwen3.5-4B,12,0.6666666666666666,0.5,Qwen/Qwen3.5-4B,last,0.0,0.0
self,official,12,0.75,0.7291666666666666,Qwen/Qwen3.5-4B,last,1.0,0.03125
self,official:Qwen3.5-4B,12,0.75,0.7291666666666666,Qwen/Qwen3.5-4B,last,1.0,0.03125
self,official,12,0.7222222222222222,0.7291666666666666,Qwen/Qwen3.5-4B,last,2.0,0.0625
self,official:Qwen3.5-4B,12,0.7222222222222222,0.7291666666666666,Qwen/Qwen3.5-4B,last,2.0,0.0625
self,official,12,0.75,0.75,Qwen/Qwen3.5-4B,last,3.0,0.09375
self,official:Qwen3.5-4B,12,0.75,0.75,Qwen/Qwen3.5-4B,last,3.0,0.09375
self,official,12,0.6944444444444443,0.7083333333333334,Qwen/Qwen3.5-4B,last,4.0,0.125
self,official:Qwen3.5-4B,12,0.6944444444444443,0.7083333333333334,Qwen/Qwen3.5-4B,last,4.0,0.125
self,official,12,0.6944444444444443,0.7083333333333334,Qwen/Qwen3.5-4B,last,5.0,0.15625
self,official:Qwen3.5-4B,12,0.6944444444444443,0.7083333333333334,Qwen/Qwen3.5-4B,last,5.0,0.15625
self,official,12,0.6111111111111112,0.6458333333333334,Qwen/Qwen3.5-4B,last,6.0,0.1875
self,official:Qwen3.5-4B,12,0.6111111111111112,0.6458333333333334,Qwen/Qwen3.5-4B,last,6.0,0.1875
self,official,12,0.7222222222222222,0.7291666666666666,Qwen/Qwen3.5-4B,last,7.0,0.21875
self,official:Qwen3.5-4B,12,0.7222222222222222,0.7291666666666666,Qwen/Qwen3.5-4B,last,7.0,0.21875
self,official,12,0.6666666666666666,0.6875,Qwen/Qwen3.5-4B,last,8.0,0.25
self,official:Qwen3.5-4B,12,0.6666666666666666,0.6875,Qwen/Qwen3.5-4B,last,8.0,0.25
self,official,12,0.7222222222222222,0.7291666666666666,Qwen/Qwen3.5-4B,last,9.0,0.28125
self,official:Qwen3.5-4B,12,0.7222222222222222,0.7291666666666666,Qwen/Qwen3.5-4B,last,9.0,0.28125
self,official,12,0.6666666666666666,0.6875,Qwen/Qwen3.5-4B,last,10.0,0.3125
self,official:Qwen3.5-4B,12,0.6666666666666666,0.6875,Qwen/Qwen3.5-4B,last,10.0,0.3125
self,official,12,0.6944444444444443,0.6666666666666666,Qwen/Qwen3.5-4B,last,11.0,0.34375
self,official:Qwen3.5-4B,12,0.6944444444444443,0.6666666666666666,Qwen/Qwen3.5-4B,last,11.0,0.34375
self,official,12,0.6666666666666666,0.6875,Qwen/Qwen3.5-4B,last,12.0,0.375
self,official:Qwen3.5-4B,12,0.6666666666666666,0.6875,Qwen/Qwen3.5-4B,last,12.0,0.375
self,official,12,0.6666666666666666,0.6875,Qwen/Qwen3.5-4B,last,13.0,0.40625
self,official:Qwen3.5-4B,12,0.6666666666666666,0.6875,Qwen/Qwen3.5-4B,last,13.0,0.40625
self,official,12,0.8055555555555557,0.7916666666666666,Qwen/Qwen3.5-4B,last,14.0,0.4375
self,official:Qwen3.5-4B,12,0.8055555555555557,0.7916666666666666,Qwen/Qwen3.5-4B,last,14.0,0.4375
self,official,12,0.8888888888888888,0.8958333333333334,Qwen/Qwen3.5-4B,last,15.0,0.46875
self,official:Qwen3.5-4B,12,0.8888888888888888,0.8958333333333334,Qwen/Qwen3.5-4B,last,15.0,0.46875
self,official,12,0.7777777777777778,0.8125,Qwen/Qwen3.5-4B,last,16.0,0.5
self,official:Qwen3.5-4B,12,0.7777777777777778,0.8125,Qwen/Qwen3.5-4B,last,16.0,0.5
self,official,12,0.8888888888888888,0.8958333333333334,Qwen/Qwen3.5-4B,last,17.0,0.53125
self,official:Qwen3.5-4B,12,0.8888888888888888,0.8958333333333334,Qwen/Qwen3.5-4B,last,17.0,0.53125
self,official,12,0.8333333333333334,0.8125,Qwen/Qwen3.5-4B,last,18.0,0.5625
self,official:Qwen3.5-4B,12,0.8333333333333334,0.8125,Qwen/Qwen3.5-4B,last,18.0,0.5625
self,official,12,0.8888888888888888,0.8958333333333334,Qwen/Qwen3.5-4B,last,19.0,0.59375
self,official:Qwen3.5-4B,12,0.8888888888888888,0.8958333333333334,Qwen/Qwen3.5-4B,last,19.0,0.59375
self,official,12,0.8333333333333334,0.8125,Qwen/Qwen3.5-4B,last,20.0,0.625
self,official:Qwen3.5-4B,12,0.8333333333333334,0.8125,Qwen/Qwen3.5-4B,last,20.0,0.625
self,official,12,0.7777777777777778,0.7291666666666666,Qwen/Qwen3.5-4B,last,21.0,0.65625
self,official:Qwen3.5-4B,12,0.7777777777777778,0.7291666666666666,Qwen/Qwen3.5-4B,last,21.0,0.65625
self,official,12,0.7777777777777778,0.7291666666666666,Qwen/Qwen3.5-4B,last,22.0,0.6875
self,official:Qwen3.5-4B,12,0.7777777777777778,0.7291666666666666,Qwen/Qwen3.5-4B,last,22.0,0.6875
self,official,12,0.75,0.75,Qwen/Qwen3.5-4B,last,23.0,0.71875
self,official:Qwen3.5-4B,12,0.75,0.75,Qwen/Qwen3.5-4B,last,23.0,0.71875
self,official,12,0.8333333333333334,0.8125,Qwen/Qwen3.5-4B,last,24.0,0.75
self,official:Qwen3.5-4B,12,0.8333333333333334,0.8125,Qwen/Qwen3.5-4B,last,24.0,0.75
self,official,12,0.8055555555555557,0.7916666666666666,Qwen/Qwen3.5-4B,last,25.0,0.78125
self,official:Qwen3.5-4B,12,0.8055555555555557,0.7916666666666666,Qwen/Qwen3.5-4B,last,25.0,0.78125
self,official,12,0.75,0.75,Qwen/Qwen3.5-4B,last,26.0,0.8125
self,official:Qwen3.5-4B,12,0.75,0.75,Qwen/Qwen3.5-4B,last,26.0,0.8125
self,official,12,0.75,0.75,Qwen/Qwen3.5-4B,last,27.0,0.84375
self,official:Qwen3.5-4B,12,0.75,0.75,Qwen/Qwen3.5-4B,last,27.0,0.84375
self,official,12,0.75,0.75,Qwen/Qwen3.5-4B,last,28.0,0.875
self,official:Qwen3.5-4B,12,0.75,0.75,Qwen/Qwen3.5-4B,last,28.0,0.875
self,official,12,0.7777777777777778,0.7291666666666666,Qwen/Qwen3.5-4B,last,29.0,0.90625
self,official:Qwen3.5-4B,12,0.7777777777777778,0.7291666666666666,Qwen/Qwen3.5-4B,last,29.0,0.90625
self,official,12,0.7777777777777778,0.7291666666666666,Qwen/Qwen3.5-4B,last,30.0,0.9375
self,official:Qwen3.5-4B,12,0.7777777777777778,0.7291666666666666,Qwen/Qwen3.5-4B,last,30.0,0.9375
self,official,12,0.7777777777777778,0.7291666666666666,Qwen/Qwen3.5-4B,last,31.0,0.96875
self,official:Qwen3.5-4B,12,0.7777777777777778,0.7291666666666666,Qwen/Qwen3.5-4B,last,31.0,0.96875
self,official,12,0.6666666666666666,0.6875,Qwen/Qwen3.5-4B,last,32.0,1.0
self,official:Qwen3.5-4B,12,0.6666666666666666,0.6875,Qwen/Qwen3.5-4B,last,32.0,1.0
shared,augmented,137,0.6812652068126521,0.6139988998899889,Qwen/Qwen3.5-4B,mean,0.0,0.0
shared,official,34,0.45098039215686275,0.4069444444444444,Qwen/Qwen3.5-4B,mean,0.0,0.0
shared,official:DeepSeek-R1-0528-Qwen3-8B,10,0.4666666666666666,0.42857142857142855,Qwen/Qwen3.5-4B,mean,0.0,0.0
shared,official:Olmo-3-7B-Think,9,0.25925925925925924,0.16666666666666666,Qwen/Qwen3.5-4B,mean,0.0,0.0
shared,official:Qwen3.5-4B,12,0.5555555555555556,0.5416666666666666,Qwen/Qwen3.5-4B,mean,0.0,0.0
shared,official:Skywork-OR1-Math-7B,3,0.5555555555555555,0.4166666666666667,Qwen/Qwen3.5-4B,mean,0.0,0.0
shared,augmented,137,0.6666666666666666,0.5862211221122112,Qwen/Qwen3.5-4B,mean,1.0,0.03125
shared,official,34,0.4803921568627451,0.45694444444444443,Qwen/Qwen3.5-4B,mean,1.0,0.03125
shared,official:DeepSeek-R1-0528-Qwen3-8B,10,0.43333333333333335,0.4047619047619047,Qwen/Qwen3.5-4B,mean,1.0,0.03125
shared,official:Olmo-3-7B-Think,9,0.3333333333333333,0.2738095238095238,Qwen/Qwen3.5-4B,mean,1.0,0.03125
shared,official:Qwen3.5-4B,12,0.5555555555555556,0.5625,Qwen/Qwen3.5-4B,mean,1.0,0.03125
shared,official:Skywork-OR1-Math-7B,3,0.7777777777777777,0.6666666666666666,Qwen/Qwen3.5-4B,mean,1.0,0.03125
shared,augmented,137,0.6690997566909975,0.572973964063073,Qwen/Qwen3.5-4B,mean,2.0,0.0625
shared,official,34,0.4901960784313726,0.46388888888888885,Qwen/Qwen3.5-4B,mean,2.0,0.0625
shared,official:DeepSeek-R1-0528-Qwen3-8B,10,0.5,0.484126984126984,Qwen/Qwen3.5-4B,mean,2.0,0.0625
shared,official:Olmo-3-7B-Think,9,0.25925925925925924,0.16666666666666666,Qwen/Qwen3.5-4B,mean,2.0,0.0625
shared,official:Qwen3.5-4B,12,0.6111111111111112,0.625,Qwen/Qwen3.5-4B,mean,2.0,0.0625
shared,official:Skywork-OR1-Math-7B,3,0.6666666666666666,0.5,Qwen/Qwen3.5-4B,mean,2.0,0.0625
shared,augmented,137,0.6593673965936739,0.5574349101576824,Qwen/Qwen3.5-4B,mean,3.0,0.09375
shared,official,34,0.4901960784313726,0.47361111111111115,Qwen/Qwen3.5-4B,mean,3.0,0.09375
shared,official:DeepSeek-R1-0528-Qwen3-8B,10,0.5,0.5158730158730158,Qwen/Qwen3.5-4B,mean,3.0,0.09375
shared,official:Olmo-3-7B-Think,9,0.2962962962962963,0.19047619047619047,Qwen/Qwen3.5-4B,mean,3.0,0.09375
shared,official:Qwen3.5-4B,12,0.5833333333333334,0.6041666666666666,Qwen/Qwen3.5-4B,mean,3.0,0.09375
shared,official:Skywork-OR1-Math-7B,3,0.6666666666666666,0.5,Qwen/Qwen3.5-4B,mean,3.0,0.09375
shared,augmented,137,0.6763990267639902,0.577924459112578,Qwen/Qwen3.5-4B,mean,4.0,0.125
shared,official,34,0.5098039215686274,0.4875,Qwen/Qwen3.5-4B,mean,4.0,0.125
shared,official:DeepSeek-R1-0528-Qwen3-8B,10,0.4666666666666666,0.4603174603174603,Qwen/Qwen3.5-4B,mean,4.0,0.125
shared,official:Olmo-3-7B-Think,9,0.4074074074074074,0.32142857142857145,Qwen/Qwen3.5-4B,mean,4.0,0.125
shared,official:Qwen3.5-4B,12,0.5555555555555556,0.5625,Qwen/Qwen3.5-4B,mean,4.0,0.125
shared,official:Skywork-OR1-Math-7B,3,0.7777777777777777,0.6666666666666666,Qwen/Qwen3.5-4B,mean,4.0,0.125
shared,augmented,137,0.6788321167883211,0.5855335533553355,Qwen/Qwen3.5-4B,mean,5.0,0.15625
shared,official,34,0.4901960784313726,0.4930555555555555,Qwen/Qwen3.5-4B,mean,5.0,0.15625
shared,official:DeepSeek-R1-0528-Qwen3-8B,10,0.4666666666666666,0.49206349206349204,Qwen/Qwen3.5-4B,mean,5.0,0.15625
shared,official:Olmo-3-7B-Think,9,0.3333333333333333,0.2738095238095238,Qwen/Qwen3.5-4B,mean,5.0,0.15625
shared,official:Qwen3.5-4B,12,0.5555555555555556,0.5833333333333334,Qwen/Qwen3.5-4B,mean,5.0,0.15625
shared,official:Skywork-OR1-Math-7B,3,0.7777777777777777,0.6666666666666666,Qwen/Qwen3.5-4B,mean,5.0,0.15625
shared,augmented,137,0.6715328467153284,0.5776035936927025,Qwen/Qwen3.5-4B,mean,6.0,0.1875
shared,official,34,0.5,0.5097222222222223,Qwen/Qwen3.5-4B,mean,6.0,0.1875
shared,official:DeepSeek-R1-0528-Qwen3-8B,10,0.4666666666666666,0.49206349206349204,Qwen/Qwen3.5-4B,mean,6.0,0.1875
shared,official:Olmo-3-7B-Think,9,0.3333333333333333,0.2738095238095238,Qwen/Qwen3.5-4B,mean,6.0,0.1875
shared,official:Qwen3.5-4B,12,0.5833333333333334,0.625,Qwen/Qwen3.5-4B,mean,6.0,0.1875
shared,official:Skywork-OR1-Math-7B,3,0.7777777777777777,0.6666666666666666,Qwen/Qwen3.5-4B,mean,6.0,0.1875
shared,augmented,137,0.7007299270072993,0.6063439677301063,Qwen/Qwen3.5-4B,mean,7.0,0.21875
shared,official,34,0.5882352941176471,0.6111111111111112,Qwen/Qwen3.5-4B,mean,7.0,0.21875
shared,official:DeepSeek-R1-0528-Qwen3-8B,10,0.4666666666666666,0.49206349206349204,Qwen/Qwen3.5-4B,mean,7.0,0.21875
shared,official:Olmo-3-7B-Think,9,0.4444444444444444,0.4047619047619047,Qwen/Qwen3.5-4B,mean,7.0,0.21875
shared,official:Qwen3.5-4B,12,0.7222222222222223,0.7708333333333334,Qwen/Qwen3.5-4B,mean,7.0,0.21875
shared,official:Skywork-OR1-Math-7B,3,0.8888888888888888,0.8333333333333334,Qwen/Qwen3.5-4B,mean,7.0,0.21875
shared,augmented,137,0.6958637469586374,0.603043637697103,Qwen/Qwen3.5-4B,mean,8.0,0.25
shared,official,34,0.6274509803921569,0.6680555555555556,Qwen/Qwen3.5-4B,mean,8.0,0.25
shared,official:DeepSeek-R1-0528-Qwen3-8B,10,0.5333333333333333,0.5714285714285715,Qwen/Qwen3.5-4B,mean,8.0,0.25
shared,official:Olmo-3-7B-Think,9,0.48148148148148145,0.4880952380952381,Qwen/Qwen3.5-4B,mean,8.0,0.25
shared,official:Qwen3.5-4B,12,0.75,0.7916666666666666,Qwen/Qwen3.5-4B,mean,8.0,0.25
shared,official:Skywork-OR1-Math-7B,3,0.8888888888888888,0.9166666666666666,Qwen/Qwen3.5-4B,mean,8.0,0.25
shared,augmented,137,0.708029197080292,0.6232123212321232,Qwen/Qwen3.5-4B,mean,9.0,0.28125
shared,official,34,0.6666666666666666,0.6958333333333334,Qwen/Qwen3.5-4B,mean,9.0,0.28125
shared,official:DeepSeek-R1-0528-Qwen3-8B,10,0.6,0.6190476190476191,Qwen/Qwen3.5-4B,mean,9.0,0.28125
shared,official:Olmo-3-7B-Think,9,0.5555555555555555,0.5357142857142857,Qwen/Qwen3.5-4B,mean,9.0,0.28125
shared,official:Qwen3.5-4B,12,0.7777777777777778,0.8125,Qwen/Qwen3.5-4B,mean,9.0,0.28125
shared,official:Skywork-OR1-Math-7B,3,0.7777777777777777,0.8333333333333334,Qwen/Qwen3.5-4B,mean,9.0,0.28125
shared,augmented,137,0.7104622871046229,0.6278419508617529,Qwen/Qwen3.5-4B,mean,10.0,0.3125
shared,official,34,0.6960784313725491,0.7166666666666668,Qwen/Qwen3.5-4B,mean,10.0,0.3125
shared,official:DeepSeek-R1-0528-Qwen3-8B,10,0.6333333333333333,0.6428571428571429,Qwen/Qwen3.5-4B,mean,10.0,0.3125
shared,official:Olmo-3-7B-Think,9,0.5555555555555555,0.5357142857142857,Qwen/Qwen3.5-4B,mean,10.0,0.3125
shared,official:Qwen3.5-4B,12,0.8055555555555557,0.8333333333333334,Qwen/Qwen3.5-4B,mean,10.0,0.3125
shared,official:Skywork-OR1-Math-7B,3,0.8888888888888888,0.9166666666666666,Qwen/Qwen3.5-4B,mean,10.0,0.3125
shared,augmented,137,0.7153284671532848,0.6311422808947561,Qwen/Qwen3.5-4B,mean,11.0,0.34375
shared,official,34,0.7352941176470589,0.7541666666666668,Qwen/Qwen3.5-4B,mean,11.0,0.34375
shared,official:DeepSeek-R1-0528-Qwen3-8B,10,0.6999999999999998,0.7222222222222222,Qwen/Qwen3.5-4B,mean,11.0,0.34375
shared,official:Olmo-3-7B-Think,9,0.5925925925925926,0.5595238095238096,Qwen/Qwen3.5-4B,mean,11.0,0.34375
shared,official:Qwen3.5-4B,12,0.8333333333333334,0.8541666666666666,Qwen/Qwen3.5-4B,mean,11.0,0.34375
shared,official:Skywork-OR1-Math-7B,3,0.8888888888888888,0.9166666666666666,Qwen/Qwen3.5-4B,mean,11.0,0.34375
shared,augmented,137,0.6958637469586374,0.6030436376971031,Qwen/Qwen3.5-4B,mean,12.0,0.375
shared,official,34,0.7254901960784313,0.7472222222222222,Qwen/Qwen3.5-4B,mean,12.0,0.375
shared,official:DeepSeek-R1-0528-Qwen3-8B,10,0.6999999999999998,0.7222222222222222,Qwen/Qwen3.5-4B,mean,12.0,0.375
shared,official:Olmo-3-7B-Think,9,0.5925925925925926,0.5595238095238096,Qwen/Qwen3.5-4B,mean,12.0,0.375
shared,official:Qwen3.5-4B,12,0.8333333333333334,0.8541666666666666,Qwen/Qwen3.5-4B,mean,12.0,0.375
shared,official:Skywork-OR1-Math-7B,3,0.7777777777777777,0.8333333333333334,Qwen/Qwen3.5-4B,mean,12.0,0.375
shared,augmented,137,0.705596107055961,0.6066648331499817,Qwen/Qwen3.5-4B,mean,13.0,0.40625
shared,official,34,0.7549019607843137,0.7583333333333333,Qwen/Qwen3.5-4B,mean,13.0,0.40625
shared,official:DeepSeek-R1-0528-Qwen3-8B,10,0.6666666666666666,0.6666666666666666,Qwen/Qwen3.5-4B,mean,13.0,0.40625
shared,official:Olmo-3-7B-Think,9,0.6296296296296297,0.5833333333333334,Qwen/Qwen3.5-4B,mean,13.0,0.40625
shared,official:Qwen3.5-4B,12,0.8611111111111112,0.875,Qwen/Qwen3.5-4B,mean,13.0,0.40625
shared,official:Skywork-OR1-Math-7B,3,1.0,1.0,Qwen/Qwen3.5-4B,mean,13.0,0.40625
shared,augmented,137,0.6861313868613138,0.5875045837917124,Qwen/Qwen3.5-4B,mean,14.0,0.4375
shared,official,34,0.6960784313725491,0.6875,Qwen/Qwen3.5-4B,mean,14.0,0.4375
shared,official:DeepSeek-R1-0528-Qwen3-8B,10,0.6333333333333333,0.6428571428571429,Qwen/Qwen3.5-4B,mean,14.0,0.4375
shared,official:Olmo-3-7B-Think,9,0.5185185185185185,0.39285714285714285,Qwen/Qwen3.5-4B,mean,14.0,0.4375
shared,official:Qwen3.5-4B,12,0.8333333333333334,0.8541666666666666,Qwen/Qwen3.5-4B,mean,14.0,0.4375
shared,official:Skywork-OR1-Math-7B,3,0.8888888888888888,0.8333333333333334,Qwen/Qwen3.5-4B,mean,14.0,0.4375
shared,augmented,137,0.6861313868613138,0.5904840484048405,Qwen/Qwen3.5-4B,mean,15.0,0.46875
shared,official,34,0.7254901960784315,0.7472222222222222,Qwen/Qwen3.5-4B,mean,15.0,0.46875
shared,official:DeepSeek-R1-0528-Qwen3-8B,10,0.6,0.6190476190476191,Qwen/Qwen3.5-4B,mean,15.0,0.46875
shared,official:Olmo-3-7B-Think,9,0.5925925925925926,0.5595238095238095,Qwen/Qwen3.5-4B,mean,15.0,0.46875
shared,official:Qwen3.5-4B,12,0.8611111111111112,0.8958333333333334,Qwen/Qwen3.5-4B,mean,15.0,0.46875
shared,official:Skywork-OR1-Math-7B,3,1.0,1.0,Qwen/Qwen3.5-4B,mean,15.0,0.46875
shared,augmented,137,0.6909975669099757,0.5908049138247158,Qwen/Qwen3.5-4B,mean,16.0,0.5
shared,official,34,0.7254901960784315,0.7472222222222222,Qwen/Qwen3.5-4B,mean,16.0,0.5
shared,official:DeepSeek-R1-0528-Qwen3-8B,10,0.6,0.6190476190476191,Qwen/Qwen3.5-4B,mean,16.0,0.5
shared,official:Olmo-3-7B-Think,9,0.5925925925925926,0.5595238095238095,Qwen/Qwen3.5-4B,mean,16.0,0.5
shared,official:Qwen3.5-4B,12,0.8611111111111112,0.8958333333333334,Qwen/Qwen3.5-4B,mean,16.0,0.5
shared,official:Skywork-OR1-Math-7B,3,1.0,1.0,Qwen/Qwen3.5-4B,mean,16.0,0.5
shared,augmented,137,0.6982968369829683,0.6076732673267328,Qwen/Qwen3.5-4B,mean,17.0,0.53125
shared,official,34,0.676470588235294,0.7027777777777778,Qwen/Qwen3.5-4B,mean,17.0,0.53125
shared,official:DeepSeek-R1-0528-Qwen3-8B,10,0.6,0.6190476190476191,Qwen/Qwen3.5-4B,mean,17.0,0.53125
shared,official:Olmo-3-7B-Think,9,0.5185185185185185,0.5119047619047619,Qwen/Qwen3.5-4B,mean,17.0,0.53125
shared,official:Qwen3.5-4B,12,0.7777777777777778,0.8125,Qwen/Qwen3.5-4B,mean,17.0,0.53125
shared,official:Skywork-OR1-Math-7B,3,1.0,1.0,Qwen/Qwen3.5-4B,mean,17.0,0.53125
shared,augmented,137,0.6909975669099757,0.5848459845984598,Qwen/Qwen3.5-4B,mean,18.0,0.5625
shared,official,34,0.6568627450980392,0.6791666666666667,Qwen/Qwen3.5-4B,mean,18.0,0.5625
shared,official:DeepSeek-R1-0528-Qwen3-8B,10,0.5666666666666667,0.5952380952380952,Qwen/Qwen3.5-4B,mean,18.0,0.5625
shared,official:Olmo-3-7B-Think,9,0.5185185185185185,0.5119047619047619,Qwen/Qwen3.5-4B,mean,18.0,0.5625
shared,official:Qwen3.5-4B,12,0.75,0.7708333333333334,Qwen/Qwen3.5-4B,mean,18.0,0.5625
shared,official:Skywork-OR1-Math-7B,3,1.0,1.0,Qwen/Qwen3.5-4B,mean,18.0,0.5625
shared,augmented,137,0.705596107055961,0.6066648331499817,Qwen/Qwen3.5-4B,mean,19.0,0.59375
shared,official,34,0.6666666666666666,0.6861111111111112,Qwen/Qwen3.5-4B,mean,19.0,0.59375
shared,official:DeepSeek-R1-0528-Qwen3-8B,10,0.6,0.6190476190476191,Qwen/Qwen3.5-4B,mean,19.0,0.59375
shared,official:Olmo-3-7B-Think,9,0.5185185185185185,0.5119047619047619,Qwen/Qwen3.5-4B,mean,19.0,0.59375
shared,official:Qwen3.5-4B,12,0.75,0.7708333333333334,Qwen/Qwen3.5-4B,mean,19.0,0.59375
shared,official:Skywork-OR1-Math-7B,3,1.0,1.0,Qwen/Qwen3.5-4B,mean,19.0,0.59375
shared,augmented,137,0.6982968369829683,0.6046938027136047,Qwen/Qwen3.5-4B,mean,20.0,0.625
shared,official,34,0.6568627450980392,0.6791666666666667,Qwen/Qwen3.5-4B,mean,20.0,0.625
shared,official:DeepSeek-R1-0528-Qwen3-8B,10,0.5666666666666667,0.5952380952380952,Qwen/Qwen3.5-4B,mean,20.0,0.625
shared,official:Olmo-3-7B-Think,9,0.5185185185185185,0.5119047619047619,Qwen/Qwen3.5-4B,mean,20.0,0.625
shared,official:Qwen3.5-4B,12,0.75,0.7708333333333334,Qwen/Qwen3.5-4B,mean,20.0,0.625
shared,official:Skywork-OR1-Math-7B,3,1.0,1.0,Qwen/Qwen3.5-4B,mean,20.0,0.625
shared,augmented,137,0.705596107055961,0.6156032269893656,Qwen/Qwen3.5-4B,mean,21.0,0.65625
shared,official,34,0.6470588235294118,0.6722222222222222,Qwen/Qwen3.5-4B,mean,21.0,0.65625
shared,official:DeepSeek-R1-0528-Qwen3-8B,10,0.6,0.6190476190476191,Qwen/Qwen3.5-4B,mean,21.0,0.65625
shared,official:Olmo-3-7B-Think,9,0.48148148148148145,0.48809523809523814,Qwen/Qwen3.5-4B,mean,21.0,0.65625
shared,official:Qwen3.5-4B,12,0.7222222222222222,0.75,Qwen/Qwen3.5-4B,mean,21.0,0.65625
shared,official:Skywork-OR1-Math-7B,3,1.0,1.0,Qwen/Qwen3.5-4B,mean,21.0,0.65625
shared,augmented,137,0.7007299270072993,0.6033645031169783,Qwen/Qwen3.5-4B,mean,22.0,0.6875
shared,official,34,0.6568627450980392,0.6888888888888888,Qwen/Qwen3.5-4B,mean,22.0,0.6875
shared,official:DeepSeek-R1-0528-Qwen3-8B,10,0.6333333333333333,0.6746031746031745,Qwen/Qwen3.5-4B,mean,22.0,0.6875
shared,official:Olmo-3-7B-Think,9,0.48148148148148145,0.48809523809523814,Qwen/Qwen3.5-4B,mean,22.0,0.6875
shared,official:Qwen3.5-4B,12,0.7222222222222222,0.75,Qwen/Qwen3.5-4B,mean,22.0,0.6875
shared,official:Skywork-OR1-Math-7B,3,1.0,1.0,Qwen/Qwen3.5-4B,mean,22.0,0.6875
shared,augmented,137,0.7031630170316302,0.613953061972864,Qwen/Qwen3.5-4B,mean,23.0,0.71875
shared,official,34,0.5882352941176471,0.6208333333333332,Qwen/Qwen3.5-4B,mean,23.0,0.71875
shared,official:DeepSeek-R1-0528-Qwen3-8B,10,0.6,0.6507936507936508,Qwen/Qwen3.5-4B,mean,23.0,0.71875
shared,official:Olmo-3-7B-Think,9,0.3703703703703704,0.35714285714285715,Qwen/Qwen3.5-4B,mean,23.0,0.71875
shared,official:Qwen3.5-4B,12,0.6388888888888888,0.6666666666666666,Qwen/Qwen3.5-4B,mean,23.0,0.71875
shared,official:Skywork-OR1-Math-7B,3,1.0,1.0,Qwen/Qwen3.5-4B,mean,23.0,0.71875
shared,augmented,137,0.708029197080292,0.6172533920058673,Qwen/Qwen3.5-4B,mean,24.0,0.75
shared,official,34,0.5980392156862745,0.6375,Qwen/Qwen3.5-4B,mean,24.0,0.75
shared,official:DeepSeek-R1-0528-Qwen3-8B,10,0.5666666666666667,0.5952380952380952,Qwen/Qwen3.5-4B,mean,24.0,0.75
shared,official:Olmo-3-7B-Think,9,0.4074074074074074,0.44047619047619047,Qwen/Qwen3.5-4B,mean,24.0,0.75
shared,official:Qwen3.5-4B,12,0.6666666666666666,0.7083333333333334,Qwen/Qwen3.5-4B,mean,24.0,0.75
shared,official:Skywork-OR1-Math-7B,3,1.0,1.0,Qwen/Qwen3.5-4B,mean,24.0,0.75
shared,augmented,137,0.7104622871046229,0.6189035570223689,Qwen/Qwen3.5-4B,mean,25.0,0.78125
shared,official,34,0.6568627450980392,0.6888888888888888,Qwen/Qwen3.5-4B,mean,25.0,0.78125
shared,official:DeepSeek-R1-0528-Qwen3-8B,10,0.6666666666666666,0.6984126984126985,Qwen/Qwen3.5-4B,mean,25.0,0.78125
shared,official:Olmo-3-7B-Think,9,0.48148148148148145,0.48809523809523814,Qwen/Qwen3.5-4B,mean,25.0,0.78125
shared,official:Qwen3.5-4B,12,0.6944444444444443,0.7291666666666666,Qwen/Qwen3.5-4B,mean,25.0,0.78125
shared,official:Skywork-OR1-Math-7B,3,1.0,1.0,Qwen/Qwen3.5-4B,mean,25.0,0.78125
shared,augmented,137,0.7031630170316302,0.5990557389072241,Qwen/Qwen3.5-4B,mean,26.0,0.8125
shared,official,34,0.6568627450980392,0.6791666666666666,Qwen/Qwen3.5-4B,mean,26.0,0.8125
shared,official:DeepSeek-R1-0528-Qwen3-8B,10,0.6666666666666666,0.6984126984126985,Qwen/Qwen3.5-4B,mean,26.0,0.8125
shared,official:Olmo-3-7B-Think,9,0.48148148148148145,0.48809523809523814,Qwen/Qwen3.5-4B,mean,26.0,0.8125
shared,official:Qwen3.5-4B,12,0.6944444444444443,0.7083333333333334,Qwen/Qwen3.5-4B,mean,26.0,0.8125
shared,official:Skywork-OR1-Math-7B,3,1.0,1.0,Qwen/Qwen3.5-4B,mean,26.0,0.8125
shared,augmented,137,0.6909975669099757,0.5878254492115879,Qwen/Qwen3.5-4B,mean,27.0,0.84375
shared,official,34,0.6372549019607844,0.6652777777777777,Qwen/Qwen3.5-4B,mean,27.0,0.84375
shared,official:DeepSeek-R1-0528-Qwen3-8B,10,0.6333333333333333,0.6746031746031745,Qwen/Qwen3.5-4B,mean,27.0,0.84375
shared,official:Olmo-3-7B-Think,9,0.48148148148148145,0.48809523809523814,Qwen/Qwen3.5-4B,mean,27.0,0.84375
shared,official:Qwen3.5-4B,12,0.6666666666666666,0.6875,Qwen/Qwen3.5-4B,mean,27.0,0.84375
shared,official:Skywork-OR1-Math-7B,3,1.0,1.0,Qwen/Qwen3.5-4B,mean,27.0,0.84375
shared,augmented,137,0.7031630170316302,0.613953061972864,Qwen/Qwen3.5-4B,mean,28.0,0.875
shared,official,34,0.6176470588235294,0.6222222222222222,Qwen/Qwen3.5-4B,mean,28.0,0.875
shared,official:DeepSeek-R1-0528-Qwen3-8B,10,0.6,0.6190476190476191,Qwen/Qwen3.5-4B,mean,28.0,0.875
shared,official:Olmo-3-7B-Think,9,0.4444444444444444,0.4047619047619048,Qwen/Qwen3.5-4B,mean,28.0,0.875
shared,official:Qwen3.5-4B,12,0.6944444444444445,0.7083333333333334,Qwen/Qwen3.5-4B,mean,28.0,0.875
shared,official:Skywork-OR1-Math-7B,3,0.8888888888888888,0.8333333333333334,Qwen/Qwen3.5-4B,mean,28.0,0.875
shared,augmented,137,0.7104622871046229,0.6248624862486248,Qwen/Qwen3.5-4B,mean,29.0,0.90625
shared,official,34,0.6176470588235294,0.6319444444444445,Qwen/Qwen3.5-4B,mean,29.0,0.90625
shared,official:DeepSeek-R1-0528-Qwen3-8B,10,0.6,0.6190476190476191,Qwen/Qwen3.5-4B,mean,29.0,0.90625
shared,official:Olmo-3-7B-Think,9,0.4444444444444444,0.4047619047619048,Qwen/Qwen3.5-4B,mean,29.0,0.90625
shared,official:Qwen3.5-4B,12,0.6666666666666666,0.6875,Qwen/Qwen3.5-4B,mean,29.0,0.90625
shared,official:Skywork-OR1-Math-7B,3,1.0,1.0,Qwen/Qwen3.5-4B,mean,29.0,0.90625
shared,augmented,137,0.705596107055961,0.6185826916024936,Qwen/Qwen3.5-4B,mean,30.0,0.9375
shared,official,34,0.5980392156862745,0.6180555555555555,Qwen/Qwen3.5-4B,mean,30.0,0.9375
shared,official:DeepSeek-R1-0528-Qwen3-8B,10,0.5666666666666667,0.5952380952380952,Qwen/Qwen3.5-4B,mean,30.0,0.9375
shared,official:Olmo-3-7B-Think,9,0.4444444444444444,0.4047619047619048,Qwen/Qwen3.5-4B,mean,30.0,0.9375
shared,official:Qwen3.5-4B,12,0.6388888888888888,0.6666666666666666,Qwen/Qwen3.5-4B,mean,30.0,0.9375
shared,official:Skywork-OR1-Math-7B,3,1.0,1.0,Qwen/Qwen3.5-4B,mean,30.0,0.9375
shared,augmented,137,0.7274939172749392,0.6364136413641365,Qwen/Qwen3.5-4B,mean,31.0,0.96875
shared,official,34,0.5490196078431372,0.5638888888888888,Qwen/Qwen3.5-4B,mean,31.0,0.96875
shared,official:DeepSeek-R1-0528-Qwen3-8B,10,0.4666666666666666,0.4920634920634921,Qwen/Qwen3.5-4B,mean,31.0,0.96875
shared,official:Olmo-3-7B-Think,9,0.4074074074074074,0.38095238095238093,Qwen/Qwen3.5-4B,mean,31.0,0.96875
shared,official:Qwen3.5-4B,12,0.638888888888889,0.6666666666666666,Qwen/Qwen3.5-4B,mean,31.0,0.96875
shared,official:Skywork-OR1-Math-7B,3,0.8888888888888888,0.8333333333333334,Qwen/Qwen3.5-4B,mean,31.0,0.96875
shared,augmented,137,0.732360097323601,0.6456729006233957,Qwen/Qwen3.5-4B,mean,32.0,1.0
shared,official,34,0.6372549019607844,0.6263888888888889,Qwen/Qwen3.5-4B,mean,32.0,1.0
shared,official:DeepSeek-R1-0528-Qwen3-8B,10,0.5666666666666667,0.5634920634920635,Qwen/Qwen3.5-4B,mean,32.0,1.0
shared,official:Olmo-3-7B-Think,9,0.5185185185185185,0.4523809523809524,Qwen/Qwen3.5-4B,mean,32.0,1.0
shared,official:Qwen3.5-4B,12,0.7222222222222222,0.7291666666666666,Qwen/Qwen3.5-4B,mean,32.0,1.0
shared,official:Skywork-OR1-Math-7B,3,0.8888888888888888,0.8333333333333334,Qwen/Qwen3.5-4B,mean,32.0,1.0
self,official,12,0.6666666666666666,0.6458333333333334,Qwen/Qwen3.5-4B,mean,0.0,0.0
self,official:Qwen3.5-4B,12,0.6666666666666666,0.6458333333333334,Qwen/Qwen3.5-4B,mean,0.0,0.0
self,official,12,0.7222222222222222,0.7291666666666666,Qwen/Qwen3.5-4B,mean,1.0,0.03125
self,official:Qwen3.5-4B,12,0.7222222222222222,0.7291666666666666,Qwen/Qwen3.5-4B,mean,1.0,0.03125
self,official,12,0.7222222222222222,0.7291666666666666,Qwen/Qwen3.5-4B,mean,2.0,0.0625
self,official:Qwen3.5-4B,12,0.7222222222222222,0.7291666666666666,Qwen/Qwen3.5-4B,mean,2.0,0.0625
self,official,12,0.6944444444444443,0.7083333333333334,Qwen/Qwen3.5-4B,mean,3.0,0.09375
self,official:Qwen3.5-4B,12,0.6944444444444443,0.7083333333333334,Qwen/Qwen3.5-4B,mean,3.0,0.09375
self,official,12,0.75,0.75,Qwen/Qwen3.5-4B,mean,4.0,0.125
self,official:Qwen3.5-4B,12,0.75,0.75,Qwen/Qwen3.5-4B,mean,4.0,0.125
self,official,12,0.75,0.75,Qwen/Qwen3.5-4B,mean,5.0,0.15625
self,official:Qwen3.5-4B,12,0.75,0.75,Qwen/Qwen3.5-4B,mean,5.0,0.15625
self,official,12,0.75,0.75,Qwen/Qwen3.5-4B,mean,6.0,0.1875
self,official:Qwen3.5-4B,12,0.75,0.75,Qwen/Qwen3.5-4B,mean,6.0,0.1875
self,official,12,0.75,0.75,Qwen/Qwen3.5-4B,mean,7.0,0.21875
self,official:Qwen3.5-4B,12,0.75,0.75,Qwen/Qwen3.5-4B,mean,7.0,0.21875
self,official,12,0.6944444444444443,0.6666666666666666,Qwen/Qwen3.5-4B,mean,8.0,0.25
self,official:Qwen3.5-4B,12,0.6944444444444443,0.6666666666666666,Qwen/Qwen3.5-4B,mean,8.0,0.25
self,official,12,0.7777777777777778,0.7916666666666666,Qwen/Qwen3.5-4B,mean,9.0,0.28125
self,official:Qwen3.5-4B,12,0.7777777777777778,0.7916666666666666,Qwen/Qwen3.5-4B,mean,9.0,0.28125
self,official,12,0.7777777777777778,0.7916666666666666,Qwen/Qwen3.5-4B,mean,10.0,0.3125
self,official:Qwen3.5-4B,12,0.7777777777777778,0.7916666666666666,Qwen/Qwen3.5-4B,mean,10.0,0.3125
self,official,12,0.6944444444444443,0.6666666666666666,Qwen/Qwen3.5-4B,mean,11.0,0.34375
self,official:Qwen3.5-4B,12,0.6944444444444443,0.6666666666666666,Qwen/Qwen3.5-4B,mean,11.0,0.34375
self,official,12,0.75,0.7083333333333334,Qwen/Qwen3.5-4B,mean,12.0,0.375
self,official:Qwen3.5-4B,12,0.75,0.7083333333333334,Qwen/Qwen3.5-4B,mean,12.0,0.375
self,official,12,0.75,0.7083333333333334,Qwen/Qwen3.5-4B,mean,13.0,0.40625
self,official:Qwen3.5-4B,12,0.75,0.7083333333333334,Qwen/Qwen3.5-4B,mean,13.0,0.40625
self,official,12,0.75,0.7083333333333334,Qwen/Qwen3.5-4B,mean,14.0,0.4375
self,official:Qwen3.5-4B,12,0.75,0.7083333333333334,Qwen/Qwen3.5-4B,mean,14.0,0.4375
self,official,12,0.75,0.7083333333333334,Qwen/Qwen3.5-4B,mean,15.0,0.46875
self,official:Qwen3.5-4B,12,0.75,0.7083333333333334,Qwen/Qwen3.5-4B,mean,15.0,0.46875
self,official,12,0.75,0.7083333333333334,Qwen/Qwen3.5-4B,mean,16.0,0.5
self,official:Qwen3.5-4B,12,0.75,0.7083333333333334,Qwen/Qwen3.5-4B,mean,16.0,0.5
self,official,12,0.75,0.7083333333333334,Qwen/Qwen3.5-4B,mean,17.0,0.53125
self,official:Qwen3.5-4B,12,0.75,0.7083333333333334,Qwen/Qwen3.5-4B,mean,17.0,0.53125
self,official,12,0.75,0.7083333333333334,Qwen/Qwen3.5-4B,mean,18.0,0.5625
self,official:Qwen3.5-4B,12,0.75,0.7083333333333334,Qwen/Qwen3.5-4B,mean,18.0,0.5625
self,official,12,0.7222222222222222,0.6666666666666666,Qwen/Qwen3.5-4B,mean,19.0,0.59375
self,official:Qwen3.5-4B,12,0.7222222222222222,0.6666666666666666,Qwen/Qwen3.5-4B,mean,19.0,0.59375
self,official,12,0.6944444444444443,0.6666666666666666,Qwen/Qwen3.5-4B,mean,20.0,0.625
self,official:Qwen3.5-4B,12,0.6944444444444443,0.6666666666666666,Qwen/Qwen3.5-4B,mean,20.0,0.625
self,official,12,0.75,0.75,Qwen/Qwen3.5-4B,mean,21.0,0.65625
self,official:Qwen3.5-4B,12,0.75,0.75,Qwen/Qwen3.5-4B,mean,21.0,0.65625
self,official,12,0.6944444444444443,0.6666666666666666,Qwen/Qwen3.5-4B,mean,22.0,0.6875
self,official:Qwen3.5-4B,12,0.6944444444444443,0.6666666666666666,Qwen/Qwen3.5-4B,mean,22.0,0.6875
self,official,12,0.75,0.75,Qwen/Qwen3.5-4B,mean,23.0,0.71875
self,official:Qwen3.5-4B,12,0.75,0.75,Qwen/Qwen3.5-4B,mean,23.0,0.71875
self,official,12,0.75,0.75,Qwen/Qwen3.5-4B,mean,24.0,0.75
self,official:Qwen3.5-4B,12,0.75,0.75,Qwen/Qwen3.5-4B,mean,24.0,0.75
self,official,12,0.75,0.75,Qwen/Qwen3.5-4B,mean,25.0,0.78125
self,official:Qwen3.5-4B,12,0.75,0.75,Qwen/Qwen3.5-4B,mean,25.0,0.78125
self,official,12,0.6944444444444443,0.7083333333333334,Qwen/Qwen3.5-4B,mean,26.0,0.8125
self,official:Qwen3.5-4B,12,0.6944444444444443,0.7083333333333334,Qwen/Qwen3.5-4B,mean,26.0,0.8125
self,official,12,0.7222222222222222,0.7291666666666666,Qwen/Qwen3.5-4B,mean,27.0,0.84375
self,official:Qwen3.5-4B,12,0.7222222222222222,0.7291666666666666,Qwen/Qwen3.5-4B,mean,27.0,0.84375
self,official,12,0.7222222222222222,0.7291666666666666,Qwen/Qwen3.5-4B,mean,28.0,0.875
self,official:Qwen3.5-4B,12,0.7222222222222222,0.7291666666666666,Qwen/Qwen3.5-4B,mean,28.0,0.875
self,official,12,0.7222222222222222,0.7291666666666666,Qwen/Qwen3.5-4B,mean,29.0,0.90625
self,official:Qwen3.5-4B,12,0.7222222222222222,0.7291666666666666,Qwen/Qwen3.5-4B,mean,29.0,0.90625
self,official,12,0.75,0.75,Qwen/Qwen3.5-4B,mean,30.0,0.9375
self,official:Qwen3.5-4B,12,0.75,0.75,Qwen/Qwen3.5-4B,mean,30.0,0.9375
self,official,12,0.6944444444444443,0.7083333333333334,Qwen/Qwen3.5-4B,mean,31.0,0.96875
self,official:Qwen3.5-4B,12,0.6944444444444443,0.7083333333333334,Qwen/Qwen3.5-4B,mean,31.0,0.96875
self,official,12,0.6666666666666666,0.6875,Qwen/Qwen3.5-4B,mean,32.0,1.0
self,official:Qwen3.5-4B,12,0.6666666666666666,0.6875,Qwen/Qwen3.5-4B,mean,32.0,1.0
shared,augmented,137,0.7372262773722628,0.5,Skywork/Skywork-OR1-Math-7B,last,0.0,0.0
shared,official,34,0.5882352941176471,0.5041666666666667,Skywork/Skywork-OR1-Math-7B,last,0.0,0.0
shared,official:DeepSeek-R1-0528-Qwen3-8B,10,0.3,0.5,Skywork/Skywork-OR1-Math-7B,last,0.0,0.0
shared,official:Olmo-3-7B-Think,9,0.7777777777777778,0.5,Skywork/Skywork-OR1-Math-7B,last,0.0,0.0
shared,official:Qwen3.5-4B,12,0.6666666666666666,0.5,Skywork/Skywork-OR1-Math-7B,last,0.0,0.0
shared,official:Skywork-OR1-Math-7B,3,0.6666666666666666,0.5,Skywork/Skywork-OR1-Math-7B,last,0.0,0.0
shared,augmented,137,0.6788321167883211,0.6212871287128713,Skywork/Skywork-OR1-Math-7B,last,1.0,0.03571428571428571
shared,official,34,0.5,0.5194444444444445,Skywork/Skywork-OR1-Math-7B,last,1.0,0.03571428571428571
shared,official:DeepSeek-R1-0528-Qwen3-8B,10,0.5,0.5476190476190476,Skywork/Skywork-OR1-Math-7B,last,1.0,0.03571428571428571
shared,official:Olmo-3-7B-Think,9,0.3703703703703704,0.4166666666666667,Skywork/Skywork-OR1-Math-7B,last,1.0,0.03571428571428571
shared,official:Qwen3.5-4B,12,0.47222222222222227,0.4583333333333333,Skywork/Skywork-OR1-Math-7B,last,1.0,0.03571428571428571
shared,official:Skywork-OR1-Math-7B,3,1.0,1.0,Skywork/Skywork-OR1-Math-7B,last,1.0,0.03571428571428571
shared,augmented,137,0.6788321167883211,0.6063898056472313,Skywork/Skywork-OR1-Math-7B,last,2.0,0.07142857142857142
shared,official,34,0.45098039215686275,0.46527777777777785,Skywork/Skywork-OR1-Math-7B,last,2.0,0.07142857142857142
shared,official:DeepSeek-R1-0528-Qwen3-8B,10,0.3666666666666667,0.3888888888888889,Skywork/Skywork-OR1-Math-7B,last,2.0,0.07142857142857142
shared,official:Olmo-3-7B-Think,9,0.2962962962962963,0.30952380952380953,Skywork/Skywork-OR1-Math-7B,last,2.0,0.07142857142857142
shared,official:Qwen3.5-4B,12,0.5277777777777778,0.5416666666666666,Skywork/Skywork-OR1-Math-7B,last,2.0,0.07142857142857142
shared,official:Skywork-OR1-Math-7B,3,0.8888888888888888,0.8333333333333334,Skywork/Skywork-OR1-Math-7B,last,2.0,0.07142857142857142
shared,augmented,137,0.7226277372262774,0.653969563623029,Skywork/Skywork-OR1-Math-7B,last,3.0,0.10714285714285714
shared,official,34,0.411764705882353,0.37916666666666665,Skywork/Skywork-OR1-Math-7B,last,3.0,0.10714285714285714
shared,official:DeepSeek-R1-0528-Qwen3-8B,10,0.3,0.24603174603174602,Skywork/Skywork-OR1-Math-7B,last,3.0,0.10714285714285714
shared,official:Olmo-3-7B-Think,9,0.25925925925925924,0.16666666666666666,Skywork/Skywork-OR1-Math-7B,last,3.0,0.10714285714285714
shared,official:Qwen3.5-4B,12,0.5555555555555556,0.5833333333333334,Skywork/Skywork-OR1-Math-7B,last,3.0,0.10714285714285714
shared,official:Skywork-OR1-Math-7B,3,0.6666666666666666,0.5,Skywork/Skywork-OR1-Math-7B,last,3.0,0.10714285714285714
shared,augmented,137,0.6934306569343066,0.6192702603593693,Skywork/Skywork-OR1-Math-7B,last,4.0,0.14285714285714285
shared,official,34,0.45098039215686275,0.4069444444444444,Skywork/Skywork-OR1-Math-7B,last,4.0,0.14285714285714285
shared,official:DeepSeek-R1-0528-Qwen3-8B,10,0.3333333333333333,0.2380952380952381,Skywork/Skywork-OR1-Math-7B,last,4.0,0.14285714285714285
shared,official:Olmo-3-7B-Think,9,0.2962962962962963,0.19047619047619047,Skywork/Skywork-OR1-Math-7B,last,4.0,0.14285714285714285
shared,official:Qwen3.5-4B,12,0.6111111111111112,0.6458333333333334,Skywork/Skywork-OR1-Math-7B,last,4.0,0.14285714285714285
shared,official:Skywork-OR1-Math-7B,3,0.6666666666666666,0.5,Skywork/Skywork-OR1-Math-7B,last,4.0,0.14285714285714285
shared,augmented,137,0.6934306569343066,0.6133113311331133,Skywork/Skywork-OR1-Math-7B,last,5.0,0.17857142857142858
shared,official,34,0.5,0.45138888888888884,Skywork/Skywork-OR1-Math-7B,last,5.0,0.17857142857142858
shared,official:DeepSeek-R1-0528-Qwen3-8B,10,0.4000000000000001,0.28571428571428575,Skywork/Skywork-OR1-Math-7B,last,5.0,0.17857142857142858
shared,official:Olmo-3-7B-Think,9,0.3703703703703704,0.2976190476190476,Skywork/Skywork-OR1-Math-7B,last,5.0,0.17857142857142858
shared,official:Qwen3.5-4B,12,0.638888888888889,0.6666666666666666,Skywork/Skywork-OR1-Math-7B,last,5.0,0.17857142857142858
shared,official:Skywork-OR1-Math-7B,3,0.6666666666666666,0.5,Skywork/Skywork-OR1-Math-7B,last,5.0,0.17857142857142858
shared,augmented,137,0.656934306569343,0.5677026035936927,Skywork/Skywork-OR1-Math-7B,last,6.0,0.21428571428571427
shared,official,34,0.4901960784313726,0.425,Skywork/Skywork-OR1-Math-7B,last,6.0,0.21428571428571427
shared,official:DeepSeek-R1-0528-Qwen3-8B,10,0.43333333333333335,0.3412698412698412,Skywork/Skywork-OR1-Math-7B,last,6.0,0.21428571428571427
shared,official:Olmo-3-7B-Think,9,0.4074074074074074,0.32142857142857145,Skywork/Skywork-OR1-Math-7B,last,6.0,0.21428571428571427
shared,official:Qwen3.5-4B,12,0.5555555555555556,0.5416666666666666,Skywork/Skywork-OR1-Math-7B,last,6.0,0.21428571428571427
shared,official:Skywork-OR1-Math-7B,3,0.6666666666666666,0.5,Skywork/Skywork-OR1-Math-7B,last,6.0,0.21428571428571427
shared,augmented,137,0.683698296836983,0.5858544187752108,Skywork/Skywork-OR1-Math-7B,last,7.0,0.25
shared,official,34,0.45098039215686275,0.4069444444444444,Skywork/Skywork-OR1-Math-7B,last,7.0,0.25
shared,official:DeepSeek-R1-0528-Qwen3-8B,10,0.39999999999999997,0.34920634920634913,Skywork/Skywork-OR1-Math-7B,last,7.0,0.25
shared,official:Olmo-3-7B-Think,9,0.3333333333333333,0.2738095238095238,Skywork/Skywork-OR1-Math-7B,last,7.0,0.25
shared,official:Qwen3.5-4B,12,0.5277777777777778,0.5208333333333334,Skywork/Skywork-OR1-Math-7B,last,7.0,0.25
shared,official:Skywork-OR1-Math-7B,3,0.6666666666666666,0.5,Skywork/Skywork-OR1-Math-7B,last,7.0,0.25
shared,augmented,137,0.6909975669099757,0.5729281261459479,Skywork/Skywork-OR1-Math-7B,last,8.0,0.2857142857142857
shared,official,34,0.5,0.43194444444444446,Skywork/Skywork-OR1-Math-7B,last,8.0,0.2857142857142857
shared,official:DeepSeek-R1-0528-Qwen3-8B,10,0.5,0.4523809523809524,Skywork/Skywork-OR1-Math-7B,last,8.0,0.2857142857142857
shared,official:Olmo-3-7B-Think,9,0.4444444444444444,0.3452380952380952,Skywork/Skywork-OR1-Math-7B,last,8.0,0.2857142857142857
shared,official:Qwen3.5-4B,12,0.5,0.4583333333333333,Skywork/Skywork-OR1-Math-7B,last,8.0,0.2857142857142857
shared,official:Skywork-OR1-Math-7B,3,0.6666666666666666,0.5,Skywork/Skywork-OR1-Math-7B,last,8.0,0.2857142857142857
shared,augmented,137,0.6763990267639902,0.5481298129812981,Skywork/Skywork-OR1-Math-7B,last,9.0,0.32142857142857145
shared,official,34,0.5294117647058824,0.44305555555555554,Skywork/Skywork-OR1-Math-7B,last,9.0,0.32142857142857145
shared,official:DeepSeek-R1-0528-Qwen3-8B,10,0.4666666666666666,0.3333333333333333,Skywork/Skywork-OR1-Math-7B,last,9.0,0.32142857142857145
shared,official:Olmo-3-7B-Think,9,0.5185185185185185,0.4523809523809524,Skywork/Skywork-OR1-Math-7B,last,9.0,0.32142857142857145
shared,official:Qwen3.5-4B,12,0.5833333333333334,0.5416666666666666,Skywork/Skywork-OR1-Math-7B,last,9.0,0.32142857142857145
shared,official:Skywork-OR1-Math-7B,3,0.5555555555555555,0.4166666666666667,Skywork/Skywork-OR1-Math-7B,last,9.0,0.32142857142857145
shared,augmented,137,0.6374695863746959,0.5098093142647598,Skywork/Skywork-OR1-Math-7B,last,10.0,0.35714285714285715
shared,official,34,0.5196078431372549,0.4166666666666667,Skywork/Skywork-OR1-Math-7B,last,10.0,0.35714285714285715
shared,official:DeepSeek-R1-0528-Qwen3-8B,10,0.43333333333333335,0.30952380952380953,Skywork/Skywork-OR1-Math-7B,last,10.0,0.35714285714285715
shared,official:Olmo-3-7B-Think,9,0.48148148148148145,0.30952380952380953,Skywork/Skywork-OR1-Math-7B,last,10.0,0.35714285714285715
shared,official:Qwen3.5-4B,12,0.5833333333333334,0.5416666666666666,Skywork/Skywork-OR1-Math-7B,last,10.0,0.35714285714285715
shared,official:Skywork-OR1-Math-7B,3,0.6666666666666666,0.5,Skywork/Skywork-OR1-Math-7B,last,10.0,0.35714285714285715
shared,augmented,137,0.6447688564476886,0.5207187385405208,Skywork/Skywork-OR1-Math-7B,last,11.0,0.39285714285714285
shared,official,34,0.5392156862745098,0.4597222222222222,Skywork/Skywork-OR1-Math-7B,last,11.0,0.39285714285714285
shared,official:DeepSeek-R1-0528-Qwen3-8B,10,0.4666666666666666,0.3650793650793651,Skywork/Skywork-OR1-Math-7B,last,11.0,0.39285714285714285
shared,official:Olmo-3-7B-Think,9,0.5555555555555555,0.4761904761904762,Skywork/Skywork-OR1-Math-7B,last,11.0,0.39285714285714285
shared,official:Qwen3.5-4B,12,0.5555555555555556,0.5208333333333334,Skywork/Skywork-OR1-Math-7B,last,11.0,0.39285714285714285
shared,official:Skywork-OR1-Math-7B,3,0.6666666666666666,0.5,Skywork/Skywork-OR1-Math-7B,last,11.0,0.39285714285714285
shared,augmented,137,0.6423357664233577,0.5131096442977631,Skywork/Skywork-OR1-Math-7B,last,12.0,0.42857142857142855
shared,official,34,0.5490196078431372,0.45694444444444443,Skywork/Skywork-OR1-Math-7B,last,12.0,0.42857142857142855
shared,official:DeepSeek-R1-0528-Qwen3-8B,10,0.5666666666666667,0.5,Skywork/Skywork-OR1-Math-7B,last,12.0,0.42857142857142855
shared,official:Olmo-3-7B-Think,9,0.48148148148148145,0.30952380952380953,Skywork/Skywork-OR1-Math-7B,last,12.0,0.42857142857142855
shared,official:Qwen3.5-4B,12,0.5555555555555556,0.5,Skywork/Skywork-OR1-Math-7B,last,12.0,0.42857142857142855
shared,official:Skywork-OR1-Math-7B,3,0.6666666666666666,0.5,Skywork/Skywork-OR1-Math-7B,last,12.0,0.42857142857142855
shared,augmented,137,0.6715328467153284,0.5567473414008068,Skywork/Skywork-OR1-Math-7B,last,13.0,0.4642857142857143
shared,official,34,0.6176470588235294,0.5444444444444444,Skywork/Skywork-OR1-Math-7B,last,13.0,0.4642857142857143
shared,official:DeepSeek-R1-0528-Qwen3-8B,10,0.5666666666666667,0.5,Skywork/Skywork-OR1-Math-7B,last,13.0,0.4642857142857143
shared,official:Olmo-3-7B-Think,9,0.5555555555555555,0.4761904761904762,Skywork/Skywork-OR1-Math-7B,last,13.0,0.4642857142857143
shared,official:Qwen3.5-4B,12,0.6944444444444445,0.6458333333333334,Skywork/Skywork-OR1-Math-7B,last,13.0,0.4642857142857143
shared,official:Skywork-OR1-Math-7B,3,0.6666666666666666,0.5,Skywork/Skywork-OR1-Math-7B,last,13.0,0.4642857142857143
shared,augmented,137,0.6690997566909975,0.5610561056105611,Skywork/Skywork-OR1-Math-7B,last,14.0,0.5
shared,official,34,0.5784313725490197,0.5166666666666667,Skywork/Skywork-OR1-Math-7B,last,14.0,0.5
shared,official:DeepSeek-R1-0528-Qwen3-8B,10,0.5333333333333333,0.4761904761904762,Skywork/Skywork-OR1-Math-7B,last,14.0,0.5
shared,official:Olmo-3-7B-Think,9,0.48148148148148145,0.36904761904761907,Skywork/Skywork-OR1-Math-7B,last,14.0,0.5
shared,official:Qwen3.5-4B,12,0.6666666666666666,0.6458333333333334,Skywork/Skywork-OR1-Math-7B,last,14.0,0.5
shared,official:Skywork-OR1-Math-7B,3,0.6666666666666666,0.5,Skywork/Skywork-OR1-Math-7B,last,14.0,0.5
shared,augmented,137,0.6690997566909976,0.567015034836817,Skywork/Skywork-OR1-Math-7B,last,15.0,0.5357142857142857
shared,official,34,0.5980392156862745,0.5208333333333334,Skywork/Skywork-OR1-Math-7B,last,15.0,0.5357142857142857
shared,official:DeepSeek-R1-0528-Qwen3-8B,10,0.5666666666666667,0.5,Skywork/Skywork-OR1-Math-7B,last,15.0,0.5357142857142857
shared,official:Olmo-3-7B-Think,9,0.5555555555555555,0.4166666666666667,Skywork/Skywork-OR1-Math-7B,last,15.0,0.5357142857142857
shared,official:Qwen3.5-4B,12,0.6666666666666666,0.625,Skywork/Skywork-OR1-Math-7B,last,15.0,0.5357142857142857
shared,official:Skywork-OR1-Math-7B,3,0.5555555555555555,0.4166666666666667,Skywork/Skywork-OR1-Math-7B,last,15.0,0.5357142857142857
shared,augmented,137,0.6885644768856448,0.59511367803447,Skywork/Skywork-OR1-Math-7B,last,16.0,0.5714285714285714
shared,official,34,0.6862745098039217,0.6027777777777777,Skywork/Skywork-OR1-Math-7B,last,16.0,0.5714285714285714
shared,official:DeepSeek-R1-0528-Qwen3-8B,10,0.6666666666666666,0.5714285714285715,Skywork/Skywork-OR1-Math-7B,last,16.0,0.5714285714285714
shared,official:Olmo-3-7B-Think,9,0.7037037037037037,0.630952380952381,Skywork/Skywork-OR1-Math-7B,last,16.0,0.5714285714285714
shared,official:Qwen3.5-4B,12,0.75,0.6875,Skywork/Skywork-OR1-Math-7B,last,16.0,0.5714285714285714
shared,official:Skywork-OR1-Math-7B,3,0.4444444444444444,0.3333333333333333,Skywork/Skywork-OR1-Math-7B,last,16.0,0.5714285714285714
shared,augmented,137,0.683698296836983,0.5798954895489549,Skywork/Skywork-OR1-Math-7B,last,17.0,0.6071428571428571
shared,official,34,0.6862745098039217,0.6027777777777777,Skywork/Skywork-OR1-Math-7B,last,17.0,0.6071428571428571
shared,official:DeepSeek-R1-0528-Qwen3-8B,10,0.6666666666666666,0.5714285714285715,Skywork/Skywork-OR1-Math-7B,last,17.0,0.6071428571428571
shared,official:Olmo-3-7B-Think,9,0.7037037037037037,0.630952380952381,Skywork/Skywork-OR1-Math-7B,last,17.0,0.6071428571428571
shared,official:Qwen3.5-4B,12,0.75,0.6875,Skywork/Skywork-OR1-Math-7B,last,17.0,0.6071428571428571
shared,official:Skywork-OR1-Math-7B,3,0.4444444444444444,0.3333333333333333,Skywork/Skywork-OR1-Math-7B,last,17.0,0.6071428571428571
shared,augmented,137,0.6958637469586374,0.5881463146314632,Skywork/Skywork-OR1-Math-7B,last,18.0,0.6428571428571429
shared,official,34,0.6568627450980392,0.5819444444444444,Skywork/Skywork-OR1-Math-7B,last,18.0,0.6428571428571429
shared,official:DeepSeek-R1-0528-Qwen3-8B,10,0.6333333333333333,0.5476190476190476,Skywork/Skywork-OR1-Math-7B,last,18.0,0.6428571428571429
shared,official:Olmo-3-7B-Think,9,0.6666666666666666,0.6071428571428572,Skywork/Skywork-OR1-Math-7B,last,18.0,0.6428571428571429
shared,official:Qwen3.5-4B,12,0.7222222222222222,0.6666666666666666,Skywork/Skywork-OR1-Math-7B,last,18.0,0.6428571428571429
shared,official:Skywork-OR1-Math-7B,3,0.4444444444444444,0.3333333333333333,Skywork/Skywork-OR1-Math-7B,last,18.0,0.6428571428571429
shared,augmented,137,0.7031630170316302,0.6050146681334799,Skywork/Skywork-OR1-Math-7B,last,19.0,0.6785714285714286
shared,official,34,0.7254901960784313,0.6208333333333332,Skywork/Skywork-OR1-Math-7B,last,19.0,0.6785714285714286
shared,official:DeepSeek-R1-0528-Qwen3-8B,10,0.7000000000000001,0.5952380952380952,Skywork/Skywork-OR1-Math-7B,last,19.0,0.6785714285714286
shared,official:Olmo-3-7B-Think,9,0.8148148148148149,0.7023809523809524,Skywork/Skywork-OR1-Math-7B,last,19.0,0.6785714285714286
shared,official:Qwen3.5-4B,12,0.75,0.6666666666666666,Skywork/Skywork-OR1-Math-7B,last,19.0,0.6785714285714286
shared,official:Skywork-OR1-Math-7B,3,0.4444444444444444,0.3333333333333333,Skywork/Skywork-OR1-Math-7B,last,19.0,0.6785714285714286
shared,augmented,137,0.6909975669099757,0.5878254492115879,Skywork/Skywork-OR1-Math-7B,last,20.0,0.7142857142857143
shared,official,34,0.6666666666666666,0.5791666666666666,Skywork/Skywork-OR1-Math-7B,last,20.0,0.7142857142857143
shared,official:DeepSeek-R1-0528-Qwen3-8B,10,0.6666666666666666,0.5714285714285715,Skywork/Skywork-OR1-Math-7B,last,20.0,0.7142857142857143
shared,official:Olmo-3-7B-Think,9,0.7037037037037037,0.630952380952381,Skywork/Skywork-OR1-Math-7B,last,20.0,0.7142857142857143
shared,official:Qwen3.5-4B,12,0.7222222222222222,0.6458333333333334,Skywork/Skywork-OR1-Math-7B,last,20.0,0.7142857142857143
shared,official:Skywork-OR1-Math-7B,3,0.3333333333333333,0.25,Skywork/Skywork-OR1-Math-7B,last,20.0,0.7142857142857143
shared,augmented,137,0.6788321167883211,0.5736156949028236,Skywork/Skywork-OR1-Math-7B,last,21.0,0.75
shared,official,34,0.6470588235294118,0.5652777777777778,Skywork/Skywork-OR1-Math-7B,last,21.0,0.75
shared,official:DeepSeek-R1-0528-Qwen3-8B,10,0.6666666666666666,0.5714285714285715,Skywork/Skywork-OR1-Math-7B,last,21.0,0.75
shared,official:Olmo-3-7B-Think,9,0.6666666666666666,0.6071428571428572,Skywork/Skywork-OR1-Math-7B,last,21.0,0.75
shared,official:Qwen3.5-4B,12,0.6944444444444445,0.625,Skywork/Skywork-OR1-Math-7B,last,21.0,0.75
shared,official:Skywork-OR1-Math-7B,3,0.3333333333333333,0.25,Skywork/Skywork-OR1-Math-7B,last,21.0,0.75
shared,augmented,137,0.6763990267639902,0.5749449944994499,Skywork/Skywork-OR1-Math-7B,last,22.0,0.7857142857142857
shared,official,34,0.6470588235294118,0.5652777777777778,Skywork/Skywork-OR1-Math-7B,last,22.0,0.7857142857142857
shared,official:DeepSeek-R1-0528-Qwen3-8B,10,0.6666666666666666,0.5714285714285715,Skywork/Skywork-OR1-Math-7B,last,22.0,0.7857142857142857
shared,official:Olmo-3-7B-Think,9,0.6666666666666666,0.6071428571428572,Skywork/Skywork-OR1-Math-7B,last,22.0,0.7857142857142857
shared,official:Qwen3.5-4B,12,0.6944444444444445,0.625,Skywork/Skywork-OR1-Math-7B,last,22.0,0.7857142857142857
shared,official:Skywork-OR1-Math-7B,3,0.3333333333333333,0.25,Skywork/Skywork-OR1-Math-7B,last,22.0,0.7857142857142857
shared,augmented,137,0.6763990267639902,0.5689860652731941,Skywork/Skywork-OR1-Math-7B,last,23.0,0.8214285714285714
shared,official,34,0.6666666666666666,0.5791666666666666,Skywork/Skywork-OR1-Math-7B,last,23.0,0.8214285714285714
shared,official:DeepSeek-R1-0528-Qwen3-8B,10,0.6999999999999998,0.5952380952380952,Skywork/Skywork-OR1-Math-7B,last,23.0,0.8214285714285714
shared,official:Olmo-3-7B-Think,9,0.6666666666666666,0.6071428571428572,Skywork/Skywork-OR1-Math-7B,last,23.0,0.8214285714285714
shared,official:Qwen3.5-4B,12,0.7222222222222222,0.6458333333333334,Skywork/Skywork-OR1-Math-7B,last,23.0,0.8214285714285714
shared,official:Skywork-OR1-Math-7B,3,0.3333333333333333,0.25,Skywork/Skywork-OR1-Math-7B,last,23.0,0.8214285714285714
shared,augmented,137,0.6812652068126521,0.5782453245324533,Skywork/Skywork-OR1-Math-7B,last,24.0,0.8571428571428571
shared,official,34,0.7058823529411765,0.6263888888888889,Skywork/Skywork-OR1-Math-7B,last,24.0,0.8571428571428571
shared,official:DeepSeek-R1-0528-Qwen3-8B,10,0.7666666666666666,0.6746031746031745,Skywork/Skywork-OR1-Math-7B,last,24.0,0.8571428571428571
shared,official:Olmo-3-7B-Think,9,0.7037037037037037,0.630952380952381,Skywork/Skywork-OR1-Math-7B,last,24.0,0.8571428571428571
shared,official:Qwen3.5-4B,12,0.75,0.6875,Skywork/Skywork-OR1-Math-7B,last,24.0,0.8571428571428571
shared,official:Skywork-OR1-Math-7B,3,0.3333333333333333,0.25,Skywork/Skywork-OR1-Math-7B,last,24.0,0.8571428571428571
shared,augmented,137,0.6618004866180048,0.56504400440044,Skywork/Skywork-OR1-Math-7B,last,25.0,0.8928571428571429
shared,official,34,0.676470588235294,0.5763888888888888,Skywork/Skywork-OR1-Math-7B,last,25.0,0.8928571428571429
shared,official:DeepSeek-R1-0528-Qwen3-8B,10,0.7333333333333334,0.6190476190476191,Skywork/Skywork-OR1-Math-7B,last,25.0,0.8928571428571429
shared,official:Olmo-3-7B-Think,9,0.7037037037037037,0.630952380952381,Skywork/Skywork-OR1-Math-7B,last,25.0,0.8928571428571429
shared,official:Qwen3.5-4B,12,0.6944444444444443,0.6041666666666666,Skywork/Skywork-OR1-Math-7B,last,25.0,0.8928571428571429
shared,official:Skywork-OR1-Math-7B,3,0.3333333333333333,0.25,Skywork/Skywork-OR1-Math-7B,last,25.0,0.8928571428571429
shared,augmented,137,0.6788321167883211,0.5855335533553355,Skywork/Skywork-OR1-Math-7B,last,26.0,0.9285714285714286
shared,official,34,0.676470588235294,0.5861111111111111,Skywork/Skywork-OR1-Math-7B,last,26.0,0.9285714285714286
shared,official:DeepSeek-R1-0528-Qwen3-8B,10,0.7000000000000001,0.5952380952380952,Skywork/Skywork-OR1-Math-7B,last,26.0,0.9285714285714286
shared,official:Olmo-3-7B-Think,9,0.7407407407407408,0.6547619047619048,Skywork/Skywork-OR1-Math-7B,last,26.0,0.9285714285714286
shared,official:Qwen3.5-4B,12,0.6944444444444445,0.625,Skywork/Skywork-OR1-Math-7B,last,26.0,0.9285714285714286
shared,official:Skywork-OR1-Math-7B,3,0.3333333333333333,0.25,Skywork/Skywork-OR1-Math-7B,last,26.0,0.9285714285714286
shared,augmented,137,0.6739659367396594,0.5822332233223323,Skywork/Skywork-OR1-Math-7B,last,27.0,0.9642857142857143
shared,official,34,0.6862745098039217,0.5930555555555556,Skywork/Skywork-OR1-Math-7B,last,27.0,0.9642857142857143
shared,official:DeepSeek-R1-0528-Qwen3-8B,10,0.7333333333333334,0.6190476190476191,Skywork/Skywork-OR1-Math-7B,last,27.0,0.9642857142857143
shared,official:Olmo-3-7B-Think,9,0.7407407407407408,0.6547619047619048,Skywork/Skywork-OR1-Math-7B,last,27.0,0.9642857142857143
shared,official:Qwen3.5-4B,12,0.6944444444444445,0.625,Skywork/Skywork-OR1-Math-7B,last,27.0,0.9642857142857143
shared,official:Skywork-OR1-Math-7B,3,0.3333333333333333,0.25,Skywork/Skywork-OR1-Math-7B,last,27.0,0.9642857142857143
shared,augmented,137,0.6618004866180048,0.568023469013568,Skywork/Skywork-OR1-Math-7B,last,28.0,1.0
shared,official,34,0.6862745098039217,0.6027777777777777,Skywork/Skywork-OR1-Math-7B,last,28.0,1.0
shared,official:DeepSeek-R1-0528-Qwen3-8B,10,0.7333333333333334,0.6507936507936508,Skywork/Skywork-OR1-Math-7B,last,28.0,1.0
shared,official:Olmo-3-7B-Think,9,0.7037037037037037,0.630952380952381,Skywork/Skywork-OR1-Math-7B,last,28.0,1.0
shared,official:Qwen3.5-4B,12,0.7222222222222222,0.6458333333333334,Skywork/Skywork-OR1-Math-7B,last,28.0,1.0
shared,official:Skywork-OR1-Math-7B,3,0.3333333333333333,0.25,Skywork/Skywork-OR1-Math-7B,last,28.0,1.0
shared,augmented,137,0.6472019464720195,0.57004033736707,Skywork/Skywork-OR1-Math-7B,mean,0.0,0.0
shared,official,34,0.411764705882353,0.4375,Skywork/Skywork-OR1-Math-7B,mean,0.0,0.0
shared,official:DeepSeek-R1-0528-Qwen3-8B,10,0.3666666666666667,0.42063492063492064,Skywork/Skywork-OR1-Math-7B,mean,0.0,0.0
shared,official:Olmo-3-7B-Think,9,0.2962962962962963,0.30952380952380953,Skywork/Skywork-OR1-Math-7B,mean,0.0,0.0
shared,official:Qwen3.5-4B,12,0.4444444444444445,0.4791666666666667,Skywork/Skywork-OR1-Math-7B,mean,0.0,0.0
shared,official:Skywork-OR1-Math-7B,3,0.7777777777777777,0.6666666666666666,Skywork/Skywork-OR1-Math-7B,mean,0.0,0.0
shared,augmented,137,0.6739659367396594,0.5971305463879721,Skywork/Skywork-OR1-Math-7B,mean,1.0,0.03571428571428571
shared,official,34,0.46078431372549017,0.44305555555555554,Skywork/Skywork-OR1-Math-7B,mean,1.0,0.03571428571428571
shared,official:DeepSeek-R1-0528-Qwen3-8B,10,0.43333333333333335,0.43650793650793646,Skywork/Skywork-OR1-Math-7B,mean,1.0,0.03571428571428571
shared,official:Olmo-3-7B-Think,9,0.2962962962962963,0.25,Skywork/Skywork-OR1-Math-7B,mean,1.0,0.03571428571428571
shared,official:Qwen3.5-4B,12,0.5277777777777778,0.5208333333333334,Skywork/Skywork-OR1-Math-7B,mean,1.0,0.03571428571428571
shared,official:Skywork-OR1-Math-7B,3,0.7777777777777777,0.6666666666666666,Skywork/Skywork-OR1-Math-7B,mean,1.0,0.03571428571428571
shared,augmented,137,0.683698296836983,0.6067106710671067,Skywork/Skywork-OR1-Math-7B,mean,2.0,0.07142857142857142
shared,official,34,0.4411764705882353,0.42916666666666664,Skywork/Skywork-OR1-Math-7B,mean,2.0,0.07142857142857142
shared,official:DeepSeek-R1-0528-Qwen3-8B,10,0.43333333333333335,0.43650793650793646,Skywork/Skywork-OR1-Math-7B,mean,2.0,0.07142857142857142
shared,official:Olmo-3-7B-Think,9,0.25925925925925924,0.2261904761904762,Skywork/Skywork-OR1-Math-7B,mean,2.0,0.07142857142857142
shared,official:Qwen3.5-4B,12,0.5,0.5,Skywork/Skywork-OR1-Math-7B,mean,2.0,0.07142857142857142
shared,official:Skywork-OR1-Math-7B,3,0.7777777777777777,0.6666666666666666,Skywork/Skywork-OR1-Math-7B,mean,2.0,0.07142857142857142
shared,augmented,137,0.683698296836983,0.5977722772277229,Skywork/Skywork-OR1-Math-7B,mean,3.0,0.10714285714285714
shared,official,34,0.45098039215686275,0.47500000000000003,Skywork/Skywork-OR1-Math-7B,mean,3.0,0.10714285714285714
shared,official:DeepSeek-R1-0528-Qwen3-8B,10,0.3666666666666667,0.42063492063492064,Skywork/Skywork-OR1-Math-7B,mean,3.0,0.10714285714285714
shared,official:Olmo-3-7B-Think,9,0.3703703703703704,0.35714285714285715,Skywork/Skywork-OR1-Math-7B,mean,3.0,0.10714285714285714
shared,official:Qwen3.5-4B,12,0.47222222222222227,0.5,Skywork/Skywork-OR1-Math-7B,mean,3.0,0.10714285714285714
shared,official:Skywork-OR1-Math-7B,3,0.8888888888888888,0.8333333333333334,Skywork/Skywork-OR1-Math-7B,mean,3.0,0.10714285714285714
shared,augmented,137,0.6763990267639902,0.5838833883388339,Skywork/Skywork-OR1-Math-7B,mean,4.0,0.14285714285714285
shared,official,34,0.5,0.4611111111111111,Skywork/Skywork-OR1-Math-7B,mean,4.0,0.14285714285714285
shared,official:DeepSeek-R1-0528-Qwen3-8B,10,0.5,0.484126984126984,Skywork/Skywork-OR1-Math-7B,mean,4.0,0.14285714285714285
shared,official:Olmo-3-7B-Think,9,0.3703703703703704,0.2976190476190476,Skywork/Skywork-OR1-Math-7B,mean,4.0,0.14285714285714285
shared,official:Qwen3.5-4B,12,0.5277777777777778,0.5,Skywork/Skywork-OR1-Math-7B,mean,4.0,0.14285714285714285
shared,official:Skywork-OR1-Math-7B,3,0.7777777777777777,0.6666666666666666,Skywork/Skywork-OR1-Math-7B,mean,4.0,0.14285714285714285
shared,augmented,137,0.7226277372262774,0.6360927759442611,Skywork/Skywork-OR1-Math-7B,mean,5.0,0.17857142857142858
shared,official,34,0.5,0.4611111111111111,Skywork/Skywork-OR1-Math-7B,mean,5.0,0.17857142857142858
shared,official:DeepSeek-R1-0528-Qwen3-8B,10,0.4666666666666666,0.4603174603174603,Skywork/Skywork-OR1-Math-7B,mean,5.0,0.17857142857142858
shared,official:Olmo-3-7B-Think,9,0.4074074074074074,0.3214285714285714,Skywork/Skywork-OR1-Math-7B,mean,5.0,0.17857142857142858
shared,official:Qwen3.5-4B,12,0.5277777777777778,0.5,Skywork/Skywork-OR1-Math-7B,mean,5.0,0.17857142857142858
shared,official:Skywork-OR1-Math-7B,3,0.7777777777777777,0.6666666666666666,Skywork/Skywork-OR1-Math-7B,mean,5.0,0.17857142857142858
shared,augmented,137,0.6934306569343066,0.6103318665199854,Skywork/Skywork-OR1-Math-7B,mean,6.0,0.21428571428571427
shared,official,34,0.5588235294117647,0.5125000000000001,Skywork/Skywork-OR1-Math-7B,mean,6.0,0.21428571428571427
shared,official:DeepSeek-R1-0528-Qwen3-8B,10,0.5333333333333333,0.5079365079365079,Skywork/Skywork-OR1-Math-7B,mean,6.0,0.21428571428571427
shared,official:Olmo-3-7B-Think,9,0.48148148148148145,0.36904761904761907,Skywork/Skywork-OR1-Math-7B,mean,6.0,0.21428571428571427
shared,official:Qwen3.5-4B,12,0.5833333333333334,0.5625,Skywork/Skywork-OR1-Math-7B,mean,6.0,0.21428571428571427
shared,official:Skywork-OR1-Math-7B,3,0.7777777777777777,0.6666666666666666,Skywork/Skywork-OR1-Math-7B,mean,6.0,0.21428571428571427
shared,augmented,137,0.7007299270072993,0.6093234323432344,Skywork/Skywork-OR1-Math-7B,mean,7.0,0.25
shared,official,34,0.5882352941176471,0.5625,Skywork/Skywork-OR1-Math-7B,mean,7.0,0.25
shared,official:DeepSeek-R1-0528-Qwen3-8B,10,0.6,0.6190476190476191,Skywork/Skywork-OR1-Math-7B,mean,7.0,0.25
shared,official:Olmo-3-7B-Think,9,0.48148148148148145,0.36904761904761907,Skywork/Skywork-OR1-Math-7B,mean,7.0,0.25
shared,official:Qwen3.5-4B,12,0.6111111111111112,0.6041666666666666,Skywork/Skywork-OR1-Math-7B,mean,7.0,0.25
shared,official:Skywork-OR1-Math-7B,3,0.7777777777777777,0.6666666666666666,Skywork/Skywork-OR1-Math-7B,mean,7.0,0.25
shared,augmented,137,0.6958637469586374,0.5970847084708472,Skywork/Skywork-OR1-Math-7B,mean,8.0,0.2857142857142857
shared,official,34,0.5392156862745098,0.5083333333333333,Skywork/Skywork-OR1-Math-7B,mean,8.0,0.2857142857142857
shared,official:DeepSeek-R1-0528-Qwen3-8B,10,0.4666666666666666,0.4603174603174603,Skywork/Skywork-OR1-Math-7B,mean,8.0,0.2857142857142857
shared,official:Olmo-3-7B-Think,9,0.4074074074074074,0.3214285714285714,Skywork/Skywork-OR1-Math-7B,mean,8.0,0.2857142857142857
shared,official:Qwen3.5-4B,12,0.6388888888888888,0.625,Skywork/Skywork-OR1-Math-7B,mean,8.0,0.2857142857142857
shared,official:Skywork-OR1-Math-7B,3,0.7777777777777777,0.6666666666666666,Skywork/Skywork-OR1-Math-7B,mean,8.0,0.2857142857142857
shared,augmented,137,0.7128953771289538,0.6175742574257426,Skywork/Skywork-OR1-Math-7B,mean,9.0,0.32142857142857145
shared,official,34,0.4901960784313726,0.47361111111111115,Skywork/Skywork-OR1-Math-7B,mean,9.0,0.32142857142857145
shared,official:DeepSeek-R1-0528-Qwen3-8B,10,0.4000000000000001,0.41269841269841273,Skywork/Skywork-OR1-Math-7B,mean,9.0,0.32142857142857145
shared,official:Olmo-3-7B-Think,9,0.4074074074074074,0.3214285714285714,Skywork/Skywork-OR1-Math-7B,mean,9.0,0.32142857142857145
shared,official:Qwen3.5-4B,12,0.5555555555555556,0.5625,Skywork/Skywork-OR1-Math-7B,mean,9.0,0.32142857142857145
shared,official:Skywork-OR1-Math-7B,3,0.7777777777777777,0.6666666666666666,Skywork/Skywork-OR1-Math-7B,mean,9.0,0.32142857142857145
shared,augmented,137,0.6958637469586376,0.5911257792445911,Skywork/Skywork-OR1-Math-7B,mean,10.0,0.35714285714285715
shared,official,34,0.5686274509803922,0.5291666666666667,Skywork/Skywork-OR1-Math-7B,mean,10.0,0.35714285714285715
shared,official:DeepSeek-R1-0528-Qwen3-8B,10,0.4666666666666666,0.4603174603174603,Skywork/Skywork-OR1-Math-7B,mean,10.0,0.35714285714285715
shared,official:Olmo-3-7B-Think,9,0.48148148148148145,0.36904761904761907,Skywork/Skywork-OR1-Math-7B,mean,10.0,0.35714285714285715
shared,official:Qwen3.5-4B,12,0.6666666666666666,0.6458333333333334,Skywork/Skywork-OR1-Math-7B,mean,10.0,0.35714285714285715
shared,official:Skywork-OR1-Math-7B,3,0.7777777777777777,0.6666666666666666,Skywork/Skywork-OR1-Math-7B,mean,10.0,0.35714285714285715
shared,augmented,137,0.6958637469586374,0.597084708470847,Skywork/Skywork-OR1-Math-7B,mean,11.0,0.39285714285714285
shared,official,34,0.5980392156862745,0.5499999999999999,Skywork/Skywork-OR1-Math-7B,mean,11.0,0.39285714285714285
shared,official:DeepSeek-R1-0528-Qwen3-8B,10,0.5333333333333333,0.5079365079365079,Skywork/Skywork-OR1-Math-7B,mean,11.0,0.39285714285714285
shared,official:Olmo-3-7B-Think,9,0.48148148148148145,0.36904761904761907,Skywork/Skywork-OR1-Math-7B,mean,11.0,0.39285714285714285
shared,official:Qwen3.5-4B,12,0.6944444444444443,0.6666666666666666,Skywork/Skywork-OR1-Math-7B,mean,11.0,0.39285714285714285
shared,official:Skywork-OR1-Math-7B,3,0.7777777777777777,0.6666666666666666,Skywork/Skywork-OR1-Math-7B,mean,11.0,0.39285714285714285
shared,augmented,137,0.7201946472019465,0.6195452878621195,Skywork/Skywork-OR1-Math-7B,mean,12.0,0.42857142857142855
shared,official,34,0.5490196078431372,0.4861111111111111,Skywork/Skywork-OR1-Math-7B,mean,12.0,0.42857142857142855
shared,official:DeepSeek-R1-0528-Qwen3-8B,10,0.4666666666666666,0.42857142857142855,Skywork/Skywork-OR1-Math-7B,mean,12.0,0.42857142857142855
shared,official:Olmo-3-7B-Think,9,0.4444444444444444,0.2857142857142857,Skywork/Skywork-OR1-Math-7B,mean,12.0,0.42857142857142855
shared,official:Qwen3.5-4B,12,0.6666666666666666,0.6458333333333334,Skywork/Skywork-OR1-Math-7B,mean,12.0,0.42857142857142855
shared,official:Skywork-OR1-Math-7B,3,0.6666666666666666,0.5,Skywork/Skywork-OR1-Math-7B,mean,12.0,0.42857142857142855
shared,augmented,137,0.705596107055961,0.6156032269893656,Skywork/Skywork-OR1-Math-7B,mean,13.0,0.4642857142857143
shared,official,34,0.5980392156862745,0.5597222222222222,Skywork/Skywork-OR1-Math-7B,mean,13.0,0.4642857142857143
shared,official:DeepSeek-R1-0528-Qwen3-8B,10,0.5,0.484126984126984,Skywork/Skywork-OR1-Math-7B,mean,13.0,0.4642857142857143
shared,official:Olmo-3-7B-Think,9,0.48148148148148145,0.36904761904761907,Skywork/Skywork-OR1-Math-7B,mean,13.0,0.4642857142857143
shared,official:Qwen3.5-4B,12,0.7222222222222223,0.7083333333333334,Skywork/Skywork-OR1-Math-7B,mean,13.0,0.4642857142857143
shared,official:Skywork-OR1-Math-7B,3,0.7777777777777777,0.6666666666666666,Skywork/Skywork-OR1-Math-7B,mean,13.0,0.4642857142857143
shared,augmented,137,0.6982968369829683,0.5957554088742207,Skywork/Skywork-OR1-Math-7B,mean,14.0,0.5
shared,official,34,0.5882352941176471,0.5625,Skywork/Skywork-OR1-Math-7B,mean,14.0,0.5
shared,official:DeepSeek-R1-0528-Qwen3-8B,10,0.4666666666666666,0.4603174603174603,Skywork/Skywork-OR1-Math-7B,mean,14.0,0.5
shared,official:Olmo-3-7B-Think,9,0.48148148148148145,0.36904761904761907,Skywork/Skywork-OR1-Math-7B,mean,14.0,0.5
shared,official:Qwen3.5-4B,12,0.7222222222222222,0.7291666666666666,Skywork/Skywork-OR1-Math-7B,mean,14.0,0.5
shared,official:Skywork-OR1-Math-7B,3,0.7777777777777777,0.6666666666666666,Skywork/Skywork-OR1-Math-7B,mean,14.0,0.5
shared,augmented,137,0.6861313868613138,0.5845251191785845,Skywork/Skywork-OR1-Math-7B,mean,15.0,0.5357142857142857
shared,official,34,0.607843137254902,0.5763888888888888,Skywork/Skywork-OR1-Math-7B,mean,15.0,0.5357142857142857
shared,official:DeepSeek-R1-0528-Qwen3-8B,10,0.5,0.48412698412698413,Skywork/Skywork-OR1-Math-7B,mean,15.0,0.5357142857142857
shared,official:Olmo-3-7B-Think,9,0.48148148148148145,0.36904761904761907,Skywork/Skywork-OR1-Math-7B,mean,15.0,0.5357142857142857
shared,official:Qwen3.5-4B,12,0.75,0.75,Skywork/Skywork-OR1-Math-7B,mean,15.0,0.5357142857142857
shared,official:Skywork-OR1-Math-7B,3,0.7777777777777777,0.6666666666666666,Skywork/Skywork-OR1-Math-7B,mean,15.0,0.5357142857142857
shared,augmented,137,0.6934306569343066,0.5924550788412174,Skywork/Skywork-OR1-Math-7B,mean,16.0,0.5714285714285714
shared,official,34,0.6274509803921569,0.6,Skywork/Skywork-OR1-Math-7B,mean,16.0,0.5714285714285714
shared,official:DeepSeek-R1-0528-Qwen3-8B,10,0.5333333333333333,0.5396825396825397,Skywork/Skywork-OR1-Math-7B,mean,16.0,0.5714285714285714
shared,official:Olmo-3-7B-Think,9,0.5185185185185185,0.39285714285714285,Skywork/Skywork-OR1-Math-7B,mean,16.0,0.5714285714285714
shared,official:Qwen3.5-4B,12,0.7222222222222223,0.7083333333333334,Skywork/Skywork-OR1-Math-7B,mean,16.0,0.5714285714285714
shared,official:Skywork-OR1-Math-7B,3,0.8888888888888888,0.8333333333333334,Skywork/Skywork-OR1-Math-7B,mean,16.0,0.5714285714285714
shared,augmented,137,0.6958637469586374,0.5821873854052072,Skywork/Skywork-OR1-Math-7B,mean,17.0,0.6071428571428571
shared,official,34,0.5980392156862745,0.5888888888888889,Skywork/Skywork-OR1-Math-7B,mean,17.0,0.6071428571428571
shared,official:DeepSeek-R1-0528-Qwen3-8B,10,0.5333333333333333,0.5396825396825397,Skywork/Skywork-OR1-Math-7B,mean,17.0,0.6071428571428571
shared,official:Olmo-3-7B-Think,9,0.4444444444444444,0.3452380952380952,Skywork/Skywork-OR1-Math-7B,mean,17.0,0.6071428571428571
shared,official:Qwen3.5-4B,12,0.7222222222222222,0.7291666666666666,Skywork/Skywork-OR1-Math-7B,mean,17.0,0.6071428571428571
shared,official:Skywork-OR1-Math-7B,3,0.7777777777777777,0.75,Skywork/Skywork-OR1-Math-7B,mean,17.0,0.6071428571428571
shared,augmented,137,0.7031630170316302,0.602035203520352,Skywork/Skywork-OR1-Math-7B,mean,18.0,0.6428571428571429
shared,official,34,0.6470588235294118,0.6625,Skywork/Skywork-OR1-Math-7B,mean,18.0,0.6428571428571429
shared,official:DeepSeek-R1-0528-Qwen3-8B,10,0.5,0.48412698412698413,Skywork/Skywork-OR1-Math-7B,mean,18.0,0.6428571428571429
shared,official:Olmo-3-7B-Think,9,0.5555555555555556,0.5952380952380952,Skywork/Skywork-OR1-Math-7B,mean,18.0,0.6428571428571429
shared,official:Qwen3.5-4B,12,0.75,0.7708333333333334,Skywork/Skywork-OR1-Math-7B,mean,18.0,0.6428571428571429
shared,official:Skywork-OR1-Math-7B,3,1.0,1.0,Skywork/Skywork-OR1-Math-7B,mean,18.0,0.6428571428571429
shared,augmented,137,0.7250608272506082,0.6228456178951228,Skywork/Skywork-OR1-Math-7B,mean,19.0,0.6785714285714286
shared,official,34,0.6274509803921569,0.6291666666666667,Skywork/Skywork-OR1-Math-7B,mean,19.0,0.6785714285714286
shared,official:DeepSeek-R1-0528-Qwen3-8B,10,0.5666666666666667,0.5952380952380952,Skywork/Skywork-OR1-Math-7B,mean,19.0,0.6785714285714286
shared,official:Olmo-3-7B-Think,9,0.48148148148148145,0.42857142857142855,Skywork/Skywork-OR1-Math-7B,mean,19.0,0.6785714285714286
shared,official:Qwen3.5-4B,12,0.7222222222222222,0.7291666666666666,Skywork/Skywork-OR1-Math-7B,mean,19.0,0.6785714285714286
shared,official:Skywork-OR1-Math-7B,3,0.8888888888888888,0.8333333333333334,Skywork/Skywork-OR1-Math-7B,mean,19.0,0.6785714285714286
shared,augmented,137,0.7299270072992701,0.6350843417675102,Skywork/Skywork-OR1-Math-7B,mean,20.0,0.7142857142857143
shared,official,34,0.607843137254902,0.6152777777777778,Skywork/Skywork-OR1-Math-7B,mean,20.0,0.7142857142857143
shared,official:DeepSeek-R1-0528-Qwen3-8B,10,0.5,0.5158730158730158,Skywork/Skywork-OR1-Math-7B,mean,20.0,0.7142857142857143
shared,official:Olmo-3-7B-Think,9,0.4444444444444444,0.3452380952380952,Skywork/Skywork-OR1-Math-7B,mean,20.0,0.7142857142857143
shared,official:Qwen3.5-4B,12,0.75,0.7916666666666666,Skywork/Skywork-OR1-Math-7B,mean,20.0,0.7142857142857143
shared,official:Skywork-OR1-Math-7B,3,0.8888888888888888,0.8333333333333334,Skywork/Skywork-OR1-Math-7B,mean,20.0,0.7142857142857143
shared,augmented,137,0.7299270072992701,0.6380638063806381,Skywork/Skywork-OR1-Math-7B,mean,21.0,0.75
shared,official,34,0.607843137254902,0.5958333333333333,Skywork/Skywork-OR1-Math-7B,mean,21.0,0.75
shared,official:DeepSeek-R1-0528-Qwen3-8B,10,0.5333333333333333,0.5396825396825397,Skywork/Skywork-OR1-Math-7B,mean,21.0,0.75
shared,official:Olmo-3-7B-Think,9,0.4444444444444444,0.3452380952380952,Skywork/Skywork-OR1-Math-7B,mean,21.0,0.75
shared,official:Qwen3.5-4B,12,0.75,0.7708333333333334,Skywork/Skywork-OR1-Math-7B,mean,21.0,0.75
shared,official:Skywork-OR1-Math-7B,3,0.7777777777777777,0.6666666666666666,Skywork/Skywork-OR1-Math-7B,mean,21.0,0.75
shared,augmented,137,0.7299270072992701,0.6291254125412541,Skywork/Skywork-OR1-Math-7B,mean,22.0,0.7857142857142857
shared,official,34,0.5882352941176471,0.5625,Skywork/Skywork-OR1-Math-7B,mean,22.0,0.7857142857142857
shared,official:DeepSeek-R1-0528-Qwen3-8B,10,0.5,0.484126984126984,Skywork/Skywork-OR1-Math-7B,mean,22.0,0.7857142857142857
shared,official:Olmo-3-7B-Think,9,0.4444444444444444,0.3452380952380952,Skywork/Skywork-OR1-Math-7B,mean,22.0,0.7857142857142857
shared,official:Qwen3.5-4B,12,0.7222222222222222,0.7291666666666666,Skywork/Skywork-OR1-Math-7B,mean,22.0,0.7857142857142857
shared,official:Skywork-OR1-Math-7B,3,0.7777777777777777,0.6666666666666666,Skywork/Skywork-OR1-Math-7B,mean,22.0,0.7857142857142857
shared,augmented,137,0.734793187347932,0.6383846718005134,Skywork/Skywork-OR1-Math-7B,mean,23.0,0.8214285714285714
shared,official,34,0.607843137254902,0.5763888888888888,Skywork/Skywork-OR1-Math-7B,mean,23.0,0.8214285714285714
shared,official:DeepSeek-R1-0528-Qwen3-8B,10,0.5666666666666667,0.5634920634920635,Skywork/Skywork-OR1-Math-7B,mean,23.0,0.8214285714285714
shared,official:Olmo-3-7B-Think,9,0.48148148148148145,0.36904761904761907,Skywork/Skywork-OR1-Math-7B,mean,23.0,0.8214285714285714
shared,official:Qwen3.5-4B,12,0.6944444444444443,0.6875,Skywork/Skywork-OR1-Math-7B,mean,23.0,0.8214285714285714
shared,official:Skywork-OR1-Math-7B,3,0.7777777777777777,0.6666666666666666,Skywork/Skywork-OR1-Math-7B,mean,23.0,0.8214285714285714
shared,augmented,137,0.7201946472019465,0.6225247524752475,Skywork/Skywork-OR1-Math-7B,mean,24.0,0.8571428571428571
shared,official,34,0.6274509803921569,0.6,Skywork/Skywork-OR1-Math-7B,mean,24.0,0.8571428571428571
shared,official:DeepSeek-R1-0528-Qwen3-8B,10,0.5666666666666667,0.5634920634920635,Skywork/Skywork-OR1-Math-7B,mean,24.0,0.8571428571428571
shared,official:Olmo-3-7B-Think,9,0.48148148148148145,0.36904761904761907,Skywork/Skywork-OR1-Math-7B,mean,24.0,0.8571428571428571
shared,official:Qwen3.5-4B,12,0.75,0.75,Skywork/Skywork-OR1-Math-7B,mean,24.0,0.8571428571428571
shared,official:Skywork-OR1-Math-7B,3,0.7777777777777777,0.6666666666666666,Skywork/Skywork-OR1-Math-7B,mean,24.0,0.8571428571428571
shared,augmented,137,0.7299270072992701,0.6380638063806381,Skywork/Skywork-OR1-Math-7B,mean,25.0,0.8928571428571429
shared,official,34,0.5882352941176471,0.5722222222222222,Skywork/Skywork-OR1-Math-7B,mean,25.0,0.8928571428571429
shared,official:DeepSeek-R1-0528-Qwen3-8B,10,0.5333333333333333,0.5396825396825397,Skywork/Skywork-OR1-Math-7B,mean,25.0,0.8928571428571429
shared,official:Olmo-3-7B-Think,9,0.4444444444444444,0.3452380952380952,Skywork/Skywork-OR1-Math-7B,mean,25.0,0.8928571428571429
shared,official:Qwen3.5-4B,12,0.6944444444444445,0.7083333333333334,Skywork/Skywork-OR1-Math-7B,mean,25.0,0.8928571428571429
shared,official:Skywork-OR1-Math-7B,3,0.7777777777777777,0.6666666666666666,Skywork/Skywork-OR1-Math-7B,mean,25.0,0.8928571428571429
shared,augmented,137,0.732360097323601,0.6516318298496516,Skywork/Skywork-OR1-Math-7B,mean,26.0,0.9285714285714286
shared,official,34,0.6274509803921569,0.5805555555555556,Skywork/Skywork-OR1-Math-7B,mean,26.0,0.9285714285714286
shared,official:DeepSeek-R1-0528-Qwen3-8B,10,0.5666666666666667,0.5317460317460317,Skywork/Skywork-OR1-Math-7B,mean,26.0,0.9285714285714286
shared,official:Olmo-3-7B-Think,9,0.5185185185185185,0.39285714285714285,Skywork/Skywork-OR1-Math-7B,mean,26.0,0.9285714285714286
shared,official:Qwen3.5-4B,12,0.7222222222222223,0.7083333333333334,Skywork/Skywork-OR1-Math-7B,mean,26.0,0.9285714285714286
shared,official:Skywork-OR1-Math-7B,3,0.7777777777777777,0.6666666666666666,Skywork/Skywork-OR1-Math-7B,mean,26.0,0.9285714285714286
shared,augmented,137,0.7518248175182481,0.6678126145947928,Skywork/Skywork-OR1-Math-7B,mean,27.0,0.9642857142857143
shared,official,34,0.607843137254902,0.5666666666666667,Skywork/Skywork-OR1-Math-7B,mean,27.0,0.9642857142857143
shared,official:DeepSeek-R1-0528-Qwen3-8B,10,0.5666666666666667,0.5317460317460317,Skywork/Skywork-OR1-Math-7B,mean,27.0,0.9642857142857143
shared,official:Olmo-3-7B-Think,9,0.48148148148148145,0.36904761904761907,Skywork/Skywork-OR1-Math-7B,mean,27.0,0.9642857142857143
shared,official:Qwen3.5-4B,12,0.6944444444444445,0.6875,Skywork/Skywork-OR1-Math-7B,mean,27.0,0.9642857142857143
shared,official:Skywork-OR1-Math-7B,3,0.7777777777777777,0.6666666666666666,Skywork/Skywork-OR1-Math-7B,mean,27.0,0.9642857142857143
shared,augmented,137,0.7274939172749392,0.6364136413641365,Skywork/Skywork-OR1-Math-7B,mean,28.0,1.0
shared,official,34,0.5686274509803922,0.5972222222222222,Skywork/Skywork-OR1-Math-7B,mean,28.0,1.0
shared,official:DeepSeek-R1-0528-Qwen3-8B,10,0.5,0.5158730158730158,Skywork/Skywork-OR1-Math-7B,mean,28.0,1.0
shared,official:Olmo-3-7B-Think,9,0.4444444444444444,0.46428571428571425,Skywork/Skywork-OR1-Math-7B,mean,28.0,1.0
shared,official:Qwen3.5-4B,12,0.638888888888889,0.6875,Skywork/Skywork-OR1-Math-7B,mean,28.0,1.0
shared,official:Skywork-OR1-Math-7B,3,0.8888888888888888,0.8333333333333334,Skywork/Skywork-OR1-Math-7B,mean,28.0,1.0
shared,augmented,137,0.7372262773722628,0.5,allenai/Olmo-3-7B-Think,last,0.0,0.0
shared,official,34,0.5882352941176471,0.5041666666666667,allenai/Olmo-3-7B-Think,last,0.0,0.0
shared,official:DeepSeek-R1-0528-Qwen3-8B,10,0.3,0.5,allenai/Olmo-3-7B-Think,last,0.0,0.0
shared,official:Olmo-3-7B-Think,9,0.7777777777777778,0.5,allenai/Olmo-3-7B-Think,last,0.0,0.0
shared,official:Qwen3.5-4B,12,0.6666666666666666,0.5,allenai/Olmo-3-7B-Think,last,0.0,0.0
shared,official:Skywork-OR1-Math-7B,3,0.6666666666666666,0.5,allenai/Olmo-3-7B-Think,last,0.0,0.0
shared,augmented,137,0.6715328467153284,0.6163366336633663,allenai/Olmo-3-7B-Think,last,1.0,0.03125
shared,official,34,0.3137254901960784,0.3,allenai/Olmo-3-7B-Think,last,1.0,0.03125
shared,official:DeepSeek-R1-0528-Qwen3-8B,10,0.3,0.3412698412698412,allenai/Olmo-3-7B-Think,last,1.0,0.03125
shared,official:Olmo-3-7B-Think,9,0.1111111111111111,0.07142857142857142,allenai/Olmo-3-7B-Think,last,1.0,0.03125
shared,official:Qwen3.5-4B,12,0.4166666666666667,0.3958333333333333,allenai/Olmo-3-7B-Think,last,1.0,0.03125
shared,official:Skywork-OR1-Math-7B,3,0.5555555555555555,0.4166666666666667,allenai/Olmo-3-7B-Think,last,1.0,0.03125
shared,augmented,137,0.6642335766423358,0.6024477447744775,allenai/Olmo-3-7B-Think,last,2.0,0.0625
shared,official,34,0.4411764705882353,0.4486111111111111,allenai/Olmo-3-7B-Think,last,2.0,0.0625
shared,official:DeepSeek-R1-0528-Qwen3-8B,10,0.5,0.5793650793650793,allenai/Olmo-3-7B-Think,last,2.0,0.0625
shared,official:Olmo-3-7B-Think,9,0.2222222222222222,0.20238095238095236,allenai/Olmo-3-7B-Think,last,2.0,0.0625
shared,official:Qwen3.5-4B,12,0.47222222222222227,0.4583333333333333,allenai/Olmo-3-7B-Think,last,2.0,0.0625
shared,official:Skywork-OR1-Math-7B,3,0.7777777777777777,0.6666666666666666,allenai/Olmo-3-7B-Think,last,2.0,0.0625
shared,augmented,137,0.6909975669099757,0.6235790245691235,allenai/Olmo-3-7B-Think,last,3.0,0.09375
shared,official,34,0.5784313725490197,0.6041666666666666,allenai/Olmo-3-7B-Think,last,3.0,0.09375
shared,official:DeepSeek-R1-0528-Qwen3-8B,10,0.5666666666666667,0.5952380952380952,allenai/Olmo-3-7B-Think,last,3.0,0.09375
shared,official:Olmo-3-7B-Think,9,0.3703703703703704,0.4166666666666667,allenai/Olmo-3-7B-Think,last,3.0,0.09375
shared,official:Qwen3.5-4B,12,0.638888888888889,0.6458333333333334,allenai/Olmo-3-7B-Think,last,3.0,0.09375
shared,official:Skywork-OR1-Math-7B,3,1.0,1.0,allenai/Olmo-3-7B-Think,last,3.0,0.09375
shared,augmented,137,0.6739659367396594,0.5971305463879721,allenai/Olmo-3-7B-Think,last,4.0,0.125
shared,official,34,0.5294117647058824,0.5499999999999999,allenai/Olmo-3-7B-Think,last,4.0,0.125
shared,official:DeepSeek-R1-0528-Qwen3-8B,10,0.5666666666666667,0.5952380952380952,allenai/Olmo-3-7B-Think,last,4.0,0.125
shared,official:Olmo-3-7B-Think,9,0.25925925925925924,0.2857142857142857,allenai/Olmo-3-7B-Think,last,4.0,0.125
shared,official:Qwen3.5-4B,12,0.6111111111111112,0.625,allenai/Olmo-3-7B-Think,last,4.0,0.125
shared,official:Skywork-OR1-Math-7B,3,0.8888888888888888,0.8333333333333334,allenai/Olmo-3-7B-Think,last,4.0,0.125
shared,augmented,137,0.6739659367396594,0.5941510817748442,allenai/Olmo-3-7B-Think,last,5.0,0.15625
shared,official,34,0.5294117647058824,0.5597222222222222,allenai/Olmo-3-7B-Think,last,5.0,0.15625
shared,official:DeepSeek-R1-0528-Qwen3-8B,10,0.5333333333333333,0.5396825396825397,allenai/Olmo-3-7B-Think,last,5.0,0.15625
shared,official:Olmo-3-7B-Think,9,0.3333333333333333,0.45238095238095233,allenai/Olmo-3-7B-Think,last,5.0,0.15625
shared,official:Qwen3.5-4B,12,0.5833333333333334,0.6041666666666666,allenai/Olmo-3-7B-Think,last,5.0,0.15625
shared,official:Skywork-OR1-Math-7B,3,0.8888888888888888,0.8333333333333334,allenai/Olmo-3-7B-Think,last,5.0,0.15625
shared,augmented,137,0.6253041362530413,0.5283736707004034,allenai/Olmo-3-7B-Think,last,6.0,0.1875
shared,official,34,0.4901960784313726,0.4930555555555555,allenai/Olmo-3-7B-Think,last,6.0,0.1875
shared,official:DeepSeek-R1-0528-Qwen3-8B,10,0.5,0.484126984126984,allenai/Olmo-3-7B-Think,last,6.0,0.1875
shared,official:Olmo-3-7B-Think,9,0.3333333333333333,0.3928571428571428,allenai/Olmo-3-7B-Think,last,6.0,0.1875
shared,official:Qwen3.5-4B,12,0.5555555555555556,0.5625,allenai/Olmo-3-7B-Think,last,6.0,0.1875
shared,official:Skywork-OR1-Math-7B,3,0.6666666666666666,0.5833333333333334,allenai/Olmo-3-7B-Think,last,6.0,0.1875
shared,augmented,137,0.6277372262773723,0.5389622295562889,allenai/Olmo-3-7B-Think,last,7.0,0.21875
shared,official,34,0.5196078431372549,0.5430555555555555,allenai/Olmo-3-7B-Think,last,7.0,0.21875
shared,official:DeepSeek-R1-0528-Qwen3-8B,10,0.5,0.48412698412698413,allenai/Olmo-3-7B-Think,last,7.0,0.21875
shared,official:Olmo-3-7B-Think,9,0.4074074074074074,0.5595238095238094,allenai/Olmo-3-7B-Think,last,7.0,0.21875
shared,official:Qwen3.5-4B,12,0.5555555555555556,0.5625,allenai/Olmo-3-7B-Think,last,7.0,0.21875
shared,official:Skywork-OR1-Math-7B,3,0.7777777777777777,0.75,allenai/Olmo-3-7B-Think,last,7.0,0.21875
shared,augmented,137,0.6301703163017032,0.5495507884121745,allenai/Olmo-3-7B-Think,last,8.0,0.25
shared,official,34,0.5098039215686274,0.49722222222222223,allenai/Olmo-3-7B-Think,last,8.0,0.25
shared,official:DeepSeek-R1-0528-Qwen3-8B,10,0.39999999999999997,0.38095238095238093,allenai/Olmo-3-7B-Think,last,8.0,0.25
shared,official:Olmo-3-7B-Think,9,0.5185185185185185,0.5714285714285715,allenai/Olmo-3-7B-Think,last,8.0,0.25
shared,official:Qwen3.5-4B,12,0.5277777777777778,0.5208333333333334,allenai/Olmo-3-7B-Think,last,8.0,0.25
shared,official:Skywork-OR1-Math-7B,3,0.7777777777777777,0.6666666666666666,allenai/Olmo-3-7B-Think,last,8.0,0.25
shared,augmented,137,0.6301703163017032,0.5316740007334068,allenai/Olmo-3-7B-Think,last,9.0,0.28125
shared,official,34,0.5392156862745098,0.5861111111111111,allenai/Olmo-3-7B-Think,last,9.0,0.28125
shared,official:DeepSeek-R1-0528-Qwen3-8B,10,0.39999999999999997,0.4126984126984126,allenai/Olmo-3-7B-Think,last,9.0,0.28125
shared,official:Olmo-3-7B-Think,9,0.5555555555555556,0.6547619047619048,allenai/Olmo-3-7B-Think,last,9.0,0.28125
shared,official:Qwen3.5-4B,12,0.5277777777777778,0.5833333333333334,allenai/Olmo-3-7B-Think,last,9.0,0.28125
shared,official:Skywork-OR1-Math-7B,3,1.0,1.0,allenai/Olmo-3-7B-Think,last,9.0,0.28125
shared,augmented,137,0.6326034063260341,0.5422625595892923,allenai/Olmo-3-7B-Think,last,10.0,0.3125
shared,official,34,0.5294117647058824,0.5305555555555556,allenai/Olmo-3-7B-Think,last,10.0,0.3125
shared,official:DeepSeek-R1-0528-Qwen3-8B,10,0.43333333333333335,0.4047619047619047,allenai/Olmo-3-7B-Think,last,10.0,0.3125
shared,official:Olmo-3-7B-Think,9,0.48148148148148145,0.5476190476190476,allenai/Olmo-3-7B-Think,last,10.0,0.3125
shared,official:Qwen3.5-4B,12,0.5833333333333334,0.6041666666666666,allenai/Olmo-3-7B-Think,last,10.0,0.3125
shared,official:Skywork-OR1-Math-7B,3,0.7777777777777777,0.6666666666666666,allenai/Olmo-3-7B-Think,last,10.0,0.3125
shared,augmented,137,0.6472019464720195,0.5521635496883022,allenai/Olmo-3-7B-Think,last,11.0,0.34375
shared,official,34,0.5980392156862745,0.6277777777777778,allenai/Olmo-3-7B-Think,last,11.0,0.34375
shared,official:DeepSeek-R1-0528-Qwen3-8B,10,0.5,0.48412698412698413,allenai/Olmo-3-7B-Think,last,11.0,0.34375
shared,official:Olmo-3-7B-Think,9,0.5185185185185185,0.6309523809523809,allenai/Olmo-3-7B-Think,last,11.0,0.34375
shared,official:Qwen3.5-4B,12,0.6388888888888888,0.6666666666666666,allenai/Olmo-3-7B-Think,last,11.0,0.34375
shared,official:Skywork-OR1-Math-7B,3,1.0,1.0,allenai/Olmo-3-7B-Think,last,11.0,0.34375
shared,augmented,137,0.6301703163017032,0.5286945361202787,allenai/Olmo-3-7B-Think,last,12.0,0.375
shared,official,34,0.6274509803921569,0.6486111111111111,allenai/Olmo-3-7B-Think,last,12.0,0.375
shared,official:DeepSeek-R1-0528-Qwen3-8B,10,0.5333333333333333,0.5079365079365079,allenai/Olmo-3-7B-Think,last,12.0,0.375
shared,official:Olmo-3-7B-Think,9,0.6296296296296297,0.7619047619047619,allenai/Olmo-3-7B-Think,last,12.0,0.375
shared,official:Qwen3.5-4B,12,0.6111111111111112,0.625,allenai/Olmo-3-7B-Think,last,12.0,0.375
shared,official:Skywork-OR1-Math-7B,3,1.0,1.0,allenai/Olmo-3-7B-Think,last,12.0,0.375
shared,augmented,137,0.6472019464720195,0.5402456912357902,allenai/Olmo-3-7B-Think,last,13.0,0.40625
shared,official,34,0.6176470588235294,0.6027777777777777,allenai/Olmo-3-7B-Think,last,13.0,0.40625
shared,official:DeepSeek-R1-0528-Qwen3-8B,10,0.5,0.48412698412698413,allenai/Olmo-3-7B-Think,last,13.0,0.40625
shared,official:Olmo-3-7B-Think,9,0.5925925925925926,0.5595238095238095,allenai/Olmo-3-7B-Think,last,13.0,0.40625
shared,official:Qwen3.5-4B,12,0.6666666666666666,0.6666666666666666,allenai/Olmo-3-7B-Think,last,13.0,0.40625
shared,official:Skywork-OR1-Math-7B,3,0.8888888888888888,0.8333333333333334,allenai/Olmo-3-7B-Think,last,13.0,0.40625
shared,augmented,137,0.6472019464720195,0.5372662266226623,allenai/Olmo-3-7B-Think,last,14.0,0.4375
shared,official,34,0.46078431372549017,0.4041666666666666,allenai/Olmo-3-7B-Think,last,14.0,0.4375
shared,official:DeepSeek-R1-0528-Qwen3-8B,10,0.3333333333333333,0.23809523809523805,allenai/Olmo-3-7B-Think,last,14.0,0.4375
shared,official:Olmo-3-7B-Think,9,0.4444444444444444,0.3452380952380952,allenai/Olmo-3-7B-Think,last,14.0,0.4375
shared,official:Qwen3.5-4B,12,0.5277777777777778,0.5416666666666666,allenai/Olmo-3-7B-Think,last,14.0,0.4375
shared,official:Skywork-OR1-Math-7B,3,0.6666666666666666,0.5,allenai/Olmo-3-7B-Think,last,14.0,0.4375
shared,augmented,137,0.6520681265206812,0.5465254858819216,allenai/Olmo-3-7B-Think,last,15.0,0.46875
shared,official,34,0.5490196078431372,0.4763888888888889,allenai/Olmo-3-7B-Think,last,15.0,0.46875
shared,official:DeepSeek-R1-0528-Qwen3-8B,10,0.39999999999999997,0.31746031746031744,allenai/Olmo-3-7B-Think,last,15.0,0.46875
shared,official:Olmo-3-7B-Think,9,0.5555555555555555,0.4166666666666667,allenai/Olmo-3-7B-Think,last,15.0,0.46875
shared,official:Qwen3.5-4B,12,0.6388888888888888,0.625,allenai/Olmo-3-7B-Think,last,15.0,0.46875
shared,official:Skywork-OR1-Math-7B,3,0.6666666666666666,0.5,allenai/Olmo-3-7B-Think,last,15.0,0.46875
shared,augmented,137,0.6472019464720195,0.5521635496883022,allenai/Olmo-3-7B-Think,last,16.0,0.5
shared,official,34,0.5588235294117647,0.5027777777777778,allenai/Olmo-3-7B-Think,last,16.0,0.5
shared,official:DeepSeek-R1-0528-Qwen3-8B,10,0.4666666666666666,0.42857142857142855,allenai/Olmo-3-7B-Think,last,16.0,0.5
shared,official:Olmo-3-7B-Think,9,0.5925925925925926,0.5,allenai/Olmo-3-7B-Think,last,16.0,0.5
shared,official:Qwen3.5-4B,12,0.5833333333333334,0.5625,allenai/Olmo-3-7B-Think,last,16.0,0.5
shared,official:Skywork-OR1-Math-7B,3,0.6666666666666666,0.5,allenai/Olmo-3-7B-Think,last,16.0,0.5
shared,augmented,137,0.6423357664233577,0.5518426842684269,allenai/Olmo-3-7B-Think,last,17.0,0.53125
shared,official,34,0.5490196078431372,0.5055555555555555,allenai/Olmo-3-7B-Think,last,17.0,0.53125
shared,official:DeepSeek-R1-0528-Qwen3-8B,10,0.43333333333333335,0.4047619047619047,allenai/Olmo-3-7B-Think,last,17.0,0.53125
shared,official:Olmo-3-7B-Think,9,0.6296296296296297,0.5833333333333334,allenai/Olmo-3-7B-Think,last,17.0,0.53125
shared,official:Qwen3.5-4B,12,0.5555555555555555,0.5416666666666666,allenai/Olmo-3-7B-Think,last,17.0,0.53125
shared,official:Skywork-OR1-Math-7B,3,0.6666666666666666,0.5,allenai/Olmo-3-7B-Think,last,17.0,0.53125
shared,augmented,137,0.6496350364963503,0.5657315731573157,allenai/Olmo-3-7B-Think,last,18.0,0.5625
shared,official,34,0.5588235294117647,0.4930555555555555,allenai/Olmo-3-7B-Think,last,18.0,0.5625
shared,official:DeepSeek-R1-0528-Qwen3-8B,10,0.4666666666666666,0.42857142857142855,allenai/Olmo-3-7B-Think,last,18.0,0.5625
shared,official:Olmo-3-7B-Think,9,0.5555555555555555,0.4166666666666667,allenai/Olmo-3-7B-Think,last,18.0,0.5625
shared,official:Qwen3.5-4B,12,0.6111111111111112,0.5833333333333334,allenai/Olmo-3-7B-Think,last,18.0,0.5625
shared,official:Skywork-OR1-Math-7B,3,0.6666666666666666,0.5,allenai/Olmo-3-7B-Think,last,18.0,0.5625
shared,augmented,137,0.6593673965936739,0.5693527686101943,allenai/Olmo-3-7B-Think,last,19.0,0.59375
shared,official,34,0.6176470588235294,0.5541666666666667,allenai/Olmo-3-7B-Think,last,19.0,0.59375
shared,official:DeepSeek-R1-0528-Qwen3-8B,10,0.5666666666666667,0.5634920634920634,allenai/Olmo-3-7B-Think,last,19.0,0.59375
shared,official:Olmo-3-7B-Think,9,0.5925925925925926,0.44047619047619047,allenai/Olmo-3-7B-Think,last,19.0,0.59375
shared,official:Qwen3.5-4B,12,0.6666666666666666,0.625,allenai/Olmo-3-7B-Think,last,19.0,0.59375
shared,official:Skywork-OR1-Math-7B,3,0.6666666666666666,0.5,allenai/Olmo-3-7B-Think,last,19.0,0.59375
shared,augmented,137,0.6326034063260341,0.5363036303630363,allenai/Olmo-3-7B-Think,last,20.0,0.625
shared,official,34,0.5490196078431372,0.49583333333333335,allenai/Olmo-3-7B-Think,last,20.0,0.625
shared,official:DeepSeek-R1-0528-Qwen3-8B,10,0.4666666666666666,0.4603174603174603,allenai/Olmo-3-7B-Think,last,20.0,0.625
shared,official:Olmo-3-7B-Think,9,0.5185185185185185,0.39285714285714285,allenai/Olmo-3-7B-Think,last,20.0,0.625
shared,official:Qwen3.5-4B,12,0.6111111111111112,0.5833333333333334,allenai/Olmo-3-7B-Think,last,20.0,0.625
shared,official:Skywork-OR1-Math-7B,3,0.6666666666666666,0.5,allenai/Olmo-3-7B-Think,last,20.0,0.625
shared,augmented,137,0.6545012165450121,0.5541345801246792,allenai/Olmo-3-7B-Think,last,21.0,0.65625
shared,official,34,0.5392156862745098,0.4694444444444444,allenai/Olmo-3-7B-Think,last,21.0,0.65625
shared,official:DeepSeek-R1-0528-Qwen3-8B,10,0.4000000000000001,0.38095238095238093,allenai/Olmo-3-7B-Think,last,21.0,0.65625
shared,official:Olmo-3-7B-Think,9,0.5555555555555555,0.4166666666666667,allenai/Olmo-3-7B-Think,last,21.0,0.65625
shared,official:Qwen3.5-4B,12,0.611111111111111,0.5625,allenai/Olmo-3-7B-Think,last,21.0,0.65625
shared,official:Skywork-OR1-Math-7B,3,0.6666666666666666,0.5,allenai/Olmo-3-7B-Think,last,21.0,0.65625
shared,augmented,137,0.6472019464720195,0.5521635496883022,allenai/Olmo-3-7B-Think,last,22.0,0.6875
shared,official,34,0.5098039215686274,0.43888888888888894,allenai/Olmo-3-7B-Think,last,22.0,0.6875
shared,official:DeepSeek-R1-0528-Qwen3-8B,10,0.3666666666666667,0.3253968253968254,allenai/Olmo-3-7B-Think,last,22.0,0.6875
shared,official:Olmo-3-7B-Think,9,0.5185185185185185,0.39285714285714285,allenai/Olmo-3-7B-Think,last,22.0,0.6875
shared,official:Qwen3.5-4B,12,0.5833333333333334,0.5416666666666666,allenai/Olmo-3-7B-Think,last,22.0,0.6875
shared,official:Skywork-OR1-Math-7B,3,0.6666666666666666,0.5,allenai/Olmo-3-7B-Think,last,22.0,0.6875
shared,augmented,137,0.6666666666666666,0.5862211221122112,allenai/Olmo-3-7B-Think,last,23.0,0.71875
shared,official,34,0.5392156862745098,0.4597222222222223,allenai/Olmo-3-7B-Think,last,23.0,0.71875
shared,official:DeepSeek-R1-0528-Qwen3-8B,10,0.43333333333333335,0.4047619047619047,allenai/Olmo-3-7B-Think,last,23.0,0.71875
shared,official:Olmo-3-7B-Think,9,0.5555555555555555,0.4166666666666667,allenai/Olmo-3-7B-Think,last,23.0,0.71875
shared,official:Qwen3.5-4B,12,0.5833333333333334,0.5208333333333334,allenai/Olmo-3-7B-Think,last,23.0,0.71875
shared,official:Skywork-OR1-Math-7B,3,0.6666666666666666,0.5,allenai/Olmo-3-7B-Think,last,23.0,0.71875
shared,augmented,137,0.6520681265206812,0.5703612027869454,allenai/Olmo-3-7B-Think,last,24.0,0.75
shared,official,34,0.4901960784313726,0.3861111111111111,allenai/Olmo-3-7B-Think,last,24.0,0.75
shared,official:DeepSeek-R1-0528-Qwen3-8B,10,0.39999999999999997,0.31746031746031744,allenai/Olmo-3-7B-Think,last,24.0,0.75
shared,official:Olmo-3-7B-Think,9,0.48148148148148145,0.30952380952380953,allenai/Olmo-3-7B-Think,last,24.0,0.75
shared,official:Qwen3.5-4B,12,0.5277777777777778,0.4583333333333333,allenai/Olmo-3-7B-Think,last,24.0,0.75
shared,official:Skywork-OR1-Math-7B,3,0.6666666666666666,0.5,allenai/Olmo-3-7B-Think,last,24.0,0.75
shared,augmented,137,0.656934306569343,0.5677026035936926,allenai/Olmo-3-7B-Think,last,25.0,0.78125
shared,official,34,0.5098039215686274,0.40972222222222227,allenai/Olmo-3-7B-Think,last,25.0,0.78125
shared,official:DeepSeek-R1-0528-Qwen3-8B,10,0.39999999999999997,0.34920634920634913,allenai/Olmo-3-7B-Think,last,25.0,0.78125
shared,official:Olmo-3-7B-Think,9,0.5185185185185185,0.3333333333333333,allenai/Olmo-3-7B-Think,last,25.0,0.78125
shared,official:Qwen3.5-4B,12,0.5555555555555556,0.4791666666666667,allenai/Olmo-3-7B-Think,last,25.0,0.78125
shared,official:Skywork-OR1-Math-7B,3,0.6666666666666666,0.5,allenai/Olmo-3-7B-Think,last,25.0,0.78125
shared,augmented,137,0.6593673965936739,0.5663733039970663,allenai/Olmo-3-7B-Think,last,26.0,0.8125
shared,official,34,0.5,0.39305555555555555,allenai/Olmo-3-7B-Think,last,26.0,0.8125
shared,official:DeepSeek-R1-0528-Qwen3-8B,10,0.3333333333333333,0.23809523809523805,allenai/Olmo-3-7B-Think,last,26.0,0.8125
shared,official:Olmo-3-7B-Think,9,0.5555555555555555,0.4166666666666667,allenai/Olmo-3-7B-Think,last,26.0,0.8125
shared,official:Qwen3.5-4B,12,0.5555555555555556,0.4791666666666667,allenai/Olmo-3-7B-Think,last,26.0,0.8125
shared,official:Skywork-OR1-Math-7B,3,0.6666666666666666,0.5,allenai/Olmo-3-7B-Think,last,26.0,0.8125
shared,augmented,137,0.6666666666666666,0.5743032636596993,allenai/Olmo-3-7B-Think,last,27.0,0.84375
shared,official,34,0.5098039215686274,0.4000000000000001,allenai/Olmo-3-7B-Think,last,27.0,0.84375
shared,official:DeepSeek-R1-0528-Qwen3-8B,10,0.3666666666666667,0.2619047619047619,allenai/Olmo-3-7B-Think,last,27.0,0.84375
shared,official:Olmo-3-7B-Think,9,0.5555555555555555,0.4166666666666667,allenai/Olmo-3-7B-Think,last,27.0,0.84375
shared,official:Qwen3.5-4B,12,0.5555555555555556,0.4791666666666667,allenai/Olmo-3-7B-Think,last,27.0,0.84375
shared,official:Skywork-OR1-Math-7B,3,0.6666666666666666,0.5,allenai/Olmo-3-7B-Think,last,27.0,0.84375
shared,augmented,137,0.6618004866180048,0.56504400440044,allenai/Olmo-3-7B-Think,last,28.0,0.875
shared,official,34,0.4901960784313726,0.3958333333333333,allenai/Olmo-3-7B-Think,last,28.0,0.875
shared,official:DeepSeek-R1-0528-Qwen3-8B,10,0.3666666666666667,0.29365079365079366,allenai/Olmo-3-7B-Think,last,28.0,0.875
shared,official:Olmo-3-7B-Think,9,0.5185185185185185,0.39285714285714285,allenai/Olmo-3-7B-Think,last,28.0,0.875
shared,official:Qwen3.5-4B,12,0.5277777777777778,0.4583333333333333,allenai/Olmo-3-7B-Think,last,28.0,0.875
shared,official:Skywork-OR1-Math-7B,3,0.6666666666666666,0.5,allenai/Olmo-3-7B-Think,last,28.0,0.875
shared,augmented,137,0.6618004866180048,0.568023469013568,allenai/Olmo-3-7B-Think,last,29.0,0.90625
shared,official,34,0.40196078431372545,0.3333333333333333,allenai/Olmo-3-7B-Think,last,29.0,0.90625
shared,official:DeepSeek-R1-0528-Qwen3-8B,10,0.3,0.24603174603174602,allenai/Olmo-3-7B-Think,last,29.0,0.90625
shared,official:Olmo-3-7B-Think,9,0.40740740740740744,0.3214285714285714,allenai/Olmo-3-7B-Think,last,29.0,0.90625
shared,official:Qwen3.5-4B,12,0.4166666666666667,0.375,allenai/Olmo-3-7B-Think,last,29.0,0.90625
shared,official:Skywork-OR1-Math-7B,3,0.6666666666666666,0.5,allenai/Olmo-3-7B-Think,last,29.0,0.90625
shared,augmented,137,0.6642335766423357,0.5726530986431976,allenai/Olmo-3-7B-Think,last,30.0,0.9375
shared,official,34,0.40196078431372545,0.3333333333333333,allenai/Olmo-3-7B-Think,last,30.0,0.9375
shared,official:DeepSeek-R1-0528-Qwen3-8B,10,0.26666666666666666,0.19047619047619047,allenai/Olmo-3-7B-Think,last,30.0,0.9375
shared,official:Olmo-3-7B-Think,9,0.40740740740740744,0.3214285714285714,allenai/Olmo-3-7B-Think,last,30.0,0.9375
shared,official:Qwen3.5-4B,12,0.4444444444444445,0.4166666666666667,allenai/Olmo-3-7B-Think,last,30.0,0.9375
shared,official:Skywork-OR1-Math-7B,3,0.6666666666666666,0.5,allenai/Olmo-3-7B-Think,last,30.0,0.9375
shared,augmented,137,0.6690997566909975,0.578932893289329,allenai/Olmo-3-7B-Think,last,31.0,0.96875
shared,official,34,0.44117647058823534,0.3611111111111111,allenai/Olmo-3-7B-Think,last,31.0,0.96875
shared,official:DeepSeek-R1-0528-Qwen3-8B,10,0.26666666666666666,0.19047619047619047,allenai/Olmo-3-7B-Think,last,31.0,0.96875
shared,official:Olmo-3-7B-Think,9,0.48148148148148145,0.36904761904761907,allenai/Olmo-3-7B-Think,last,31.0,0.96875
shared,official:Qwen3.5-4B,12,0.5,0.4583333333333333,allenai/Olmo-3-7B-Think,last,31.0,0.96875
shared,official:Skywork-OR1-Math-7B,3,0.6666666666666666,0.5,allenai/Olmo-3-7B-Think,last,31.0,0.96875
shared,augmented,137,0.6763990267639902,0.5898423175650899,allenai/Olmo-3-7B-Think,last,32.0,1.0
shared,official,34,0.5,0.40277777777777785,allenai/Olmo-3-7B-Think,last,32.0,1.0
shared,official:DeepSeek-R1-0528-Qwen3-8B,10,0.3,0.21428571428571427,allenai/Olmo-3-7B-Think,last,32.0,1.0
shared,official:Olmo-3-7B-Think,9,0.5555555555555556,0.4166666666666667,allenai/Olmo-3-7B-Think,last,32.0,1.0
shared,official:Qwen3.5-4B,12,0.5833333333333334,0.5208333333333334,allenai/Olmo-3-7B-Think,last,32.0,1.0
shared,official:Skywork-OR1-Math-7B,3,0.6666666666666666,0.5,allenai/Olmo-3-7B-Think,last,32.0,1.0
self,official,9,0.7777777777777778,0.5,allenai/Olmo-3-7B-Think,last,0.0,0.0
self,official:Olmo-3-7B-Think,9,0.7777777777777778,0.5,allenai/Olmo-3-7B-Think,last,0.0,0.0
self,official,9,0.7037037037037037,0.511904761904762,allenai/Olmo-3-7B-Think,last,1.0,0.03125
self,official:Olmo-3-7B-Think,9,0.7037037037037037,0.511904761904762,allenai/Olmo-3-7B-Think,last,1.0,0.03125
self,official,9,0.6666666666666666,0.48809523809523814,allenai/Olmo-3-7B-Think,last,2.0,0.0625
self,official:Olmo-3-7B-Think,9,0.6666666666666666,0.48809523809523814,allenai/Olmo-3-7B-Think,last,2.0,0.0625
self,official,9,0.6666666666666666,0.42857142857142855,allenai/Olmo-3-7B-Think,last,3.0,0.09375
self,official:Olmo-3-7B-Think,9,0.6666666666666666,0.42857142857142855,allenai/Olmo-3-7B-Think,last,3.0,0.09375
self,official,9,0.6666666666666666,0.42857142857142855,allenai/Olmo-3-7B-Think,last,4.0,0.125
self,official:Olmo-3-7B-Think,9,0.6666666666666666,0.42857142857142855,allenai/Olmo-3-7B-Think,last,4.0,0.125
self,official,9,0.6666666666666666,0.42857142857142855,allenai/Olmo-3-7B-Think,last,5.0,0.15625
self,official:Olmo-3-7B-Think,9,0.6666666666666666,0.42857142857142855,allenai/Olmo-3-7B-Think,last,5.0,0.15625
self,official,9,0.7037037037037037,0.4523809523809524,allenai/Olmo-3-7B-Think,last,6.0,0.1875
self,official:Olmo-3-7B-Think,9,0.7037037037037037,0.4523809523809524,allenai/Olmo-3-7B-Think,last,6.0,0.1875
self,official,9,0.7407407407407408,0.4761904761904762,allenai/Olmo-3-7B-Think,last,7.0,0.21875
self,official:Olmo-3-7B-Think,9,0.7407407407407408,0.4761904761904762,allenai/Olmo-3-7B-Think,last,7.0,0.21875
self,official,9,0.7037037037037037,0.4523809523809524,allenai/Olmo-3-7B-Think,last,8.0,0.25
self,official:Olmo-3-7B-Think,9,0.7037037037037037,0.4523809523809524,allenai/Olmo-3-7B-Think,last,8.0,0.25
self,official,9,0.7407407407407408,0.4761904761904762,allenai/Olmo-3-7B-Think,last,9.0,0.28125
self,official:Olmo-3-7B-Think,9,0.7407407407407408,0.4761904761904762,allenai/Olmo-3-7B-Think,last,9.0,0.28125
self,official,9,0.7407407407407408,0.4761904761904762,allenai/Olmo-3-7B-Think,last,10.0,0.3125
self,official:Olmo-3-7B-Think,9,0.7407407407407408,0.4761904761904762,allenai/Olmo-3-7B-Think,last,10.0,0.3125
self,official,9,0.6666666666666666,0.4285714285714286,allenai/Olmo-3-7B-Think,last,11.0,0.34375
self,official:Olmo-3-7B-Think,9,0.6666666666666666,0.4285714285714286,allenai/Olmo-3-7B-Think,last,11.0,0.34375
self,official,9,0.7037037037037037,0.4523809523809524,allenai/Olmo-3-7B-Think,last,12.0,0.375
self,official:Olmo-3-7B-Think,9,0.7037037037037037,0.4523809523809524,allenai/Olmo-3-7B-Think,last,12.0,0.375
self,official,9,0.7407407407407408,0.4761904761904762,allenai/Olmo-3-7B-Think,last,13.0,0.40625
self,official:Olmo-3-7B-Think,9,0.7407407407407408,0.4761904761904762,allenai/Olmo-3-7B-Think,last,13.0,0.40625
self,official,9,0.7037037037037037,0.4523809523809524,allenai/Olmo-3-7B-Think,last,14.0,0.4375
self,official:Olmo-3-7B-Think,9,0.7037037037037037,0.4523809523809524,allenai/Olmo-3-7B-Think,last,14.0,0.4375
self,official,9,0.7037037037037037,0.4523809523809524,allenai/Olmo-3-7B-Think,last,15.0,0.46875
self,official:Olmo-3-7B-Think,9,0.7037037037037037,0.4523809523809524,allenai/Olmo-3-7B-Think,last,15.0,0.46875
self,official,9,0.7037037037037037,0.4523809523809524,allenai/Olmo-3-7B-Think,last,16.0,0.5
self,official:Olmo-3-7B-Think,9,0.7037037037037037,0.4523809523809524,allenai/Olmo-3-7B-Think,last,16.0,0.5
self,official,9,0.7407407407407408,0.4761904761904762,allenai/Olmo-3-7B-Think,last,17.0,0.53125
self,official:Olmo-3-7B-Think,9,0.7407407407407408,0.4761904761904762,allenai/Olmo-3-7B-Think,last,17.0,0.53125
self,official,9,0.7037037037037037,0.4523809523809524,allenai/Olmo-3-7B-Think,last,18.0,0.5625
self,official:Olmo-3-7B-Think,9,0.7037037037037037,0.4523809523809524,allenai/Olmo-3-7B-Think,last,18.0,0.5625
self,official,9,0.7407407407407408,0.4761904761904762,allenai/Olmo-3-7B-Think,last,19.0,0.59375
self,official:Olmo-3-7B-Think,9,0.7407407407407408,0.4761904761904762,allenai/Olmo-3-7B-Think,last,19.0,0.59375
self,official,9,0.7407407407407408,0.4761904761904762,allenai/Olmo-3-7B-Think,last,20.0,0.625
self,official:Olmo-3-7B-Think,9,0.7407407407407408,0.4761904761904762,allenai/Olmo-3-7B-Think,last,20.0,0.625
self,official,9,0.7407407407407408,0.4761904761904762,allenai/Olmo-3-7B-Think,last,21.0,0.65625
self,official:Olmo-3-7B-Think,9,0.7407407407407408,0.4761904761904762,allenai/Olmo-3-7B-Think,last,21.0,0.65625
self,official,9,0.7037037037037037,0.4523809523809524,allenai/Olmo-3-7B-Think,last,22.0,0.6875
self,official:Olmo-3-7B-Think,9,0.7037037037037037,0.4523809523809524,allenai/Olmo-3-7B-Think,last,22.0,0.6875
self,official,9,0.6666666666666666,0.42857142857142855,allenai/Olmo-3-7B-Think,last,23.0,0.71875
self,official:Olmo-3-7B-Think,9,0.6666666666666666,0.42857142857142855,allenai/Olmo-3-7B-Think,last,23.0,0.71875
self,official,9,0.6666666666666666,0.42857142857142855,allenai/Olmo-3-7B-Think,last,24.0,0.75
self,official:Olmo-3-7B-Think,9,0.6666666666666666,0.42857142857142855,allenai/Olmo-3-7B-Think,last,24.0,0.75
self,official,9,0.7037037037037037,0.4523809523809524,allenai/Olmo-3-7B-Think,last,25.0,0.78125
self,official:Olmo-3-7B-Think,9,0.7037037037037037,0.4523809523809524,allenai/Olmo-3-7B-Think,last,25.0,0.78125
self,official,9,0.7037037037037037,0.4523809523809524,allenai/Olmo-3-7B-Think,last,26.0,0.8125
self,official:Olmo-3-7B-Think,9,0.7037037037037037,0.4523809523809524,allenai/Olmo-3-7B-Think,last,26.0,0.8125
self,official,9,0.7037037037037037,0.4523809523809524,allenai/Olmo-3-7B-Think,last,27.0,0.84375
self,official:Olmo-3-7B-Think,9,0.7037037037037037,0.4523809523809524,allenai/Olmo-3-7B-Think,last,27.0,0.84375
self,official,9,0.7777777777777778,0.5,allenai/Olmo-3-7B-Think,last,28.0,0.875
self,official:Olmo-3-7B-Think,9,0.7777777777777778,0.5,allenai/Olmo-3-7B-Think,last,28.0,0.875
self,official,9,0.7777777777777778,0.5,allenai/Olmo-3-7B-Think,last,29.0,0.90625
self,official:Olmo-3-7B-Think,9,0.7777777777777778,0.5,allenai/Olmo-3-7B-Think,last,29.0,0.90625
self,official,9,0.7777777777777778,0.5,allenai/Olmo-3-7B-Think,last,30.0,0.9375
self,official:Olmo-3-7B-Think,9,0.7777777777777778,0.5,allenai/Olmo-3-7B-Think,last,30.0,0.9375
self,official,9,0.7777777777777778,0.5,allenai/Olmo-3-7B-Think,last,31.0,0.96875
self,official:Olmo-3-7B-Think,9,0.7777777777777778,0.5,allenai/Olmo-3-7B-Think,last,31.0,0.96875
self,official,9,0.7777777777777778,0.5,allenai/Olmo-3-7B-Think,last,32.0,1.0
self,official:Olmo-3-7B-Think,9,0.7777777777777778,0.5,allenai/Olmo-3-7B-Think,last,32.0,1.0
shared,augmented,137,0.6763990267639902,0.6017601760176018,allenai/Olmo-3-7B-Think,mean,0.0,0.0
shared,official,34,0.4215686274509804,0.3763888888888889,allenai/Olmo-3-7B-Think,mean,0.0,0.0
shared,official:DeepSeek-R1-0528-Qwen3-8B,10,0.4000000000000001,0.38095238095238093,allenai/Olmo-3-7B-Think,mean,0.0,0.0
shared,official:Olmo-3-7B-Think,9,0.3333333333333333,0.3333333333333333,allenai/Olmo-3-7B-Think,mean,0.0,0.0
shared,official:Qwen3.5-4B,12,0.4444444444444445,0.3958333333333333,allenai/Olmo-3-7B-Think,mean,0.0,0.0
shared,official:Skywork-OR1-Math-7B,3,0.6666666666666666,0.5,allenai/Olmo-3-7B-Think,mean,0.0,0.0
shared,augmented,137,0.6618004866180048,0.582920792079208,allenai/Olmo-3-7B-Think,mean,1.0,0.03125
shared,official,34,0.4313725490196078,0.40277777777777773,allenai/Olmo-3-7B-Think,mean,1.0,0.03125
shared,official:DeepSeek-R1-0528-Qwen3-8B,10,0.39999999999999997,0.41269841269841273,allenai/Olmo-3-7B-Think,mean,1.0,0.03125
shared,official:Olmo-3-7B-Think,9,0.3333333333333333,0.3333333333333333,allenai/Olmo-3-7B-Think,mean,1.0,0.03125
shared,official:Qwen3.5-4B,12,0.47222222222222227,0.4375,allenai/Olmo-3-7B-Think,mean,1.0,0.03125
shared,official:Skywork-OR1-Math-7B,3,0.6666666666666666,0.5,allenai/Olmo-3-7B-Think,mean,1.0,0.03125
shared,augmented,137,0.635036496350365,0.5498716538320498,allenai/Olmo-3-7B-Think,mean,2.0,0.0625
shared,official,34,0.40196078431372545,0.3625,allenai/Olmo-3-7B-Think,mean,2.0,0.0625
shared,official:DeepSeek-R1-0528-Qwen3-8B,10,0.4000000000000001,0.38095238095238093,allenai/Olmo-3-7B-Think,mean,2.0,0.0625
shared,official:Olmo-3-7B-Think,9,0.2962962962962963,0.30952380952380953,allenai/Olmo-3-7B-Think,mean,2.0,0.0625
shared,official:Qwen3.5-4B,12,0.4166666666666667,0.375,allenai/Olmo-3-7B-Think,mean,2.0,0.0625
shared,official:Skywork-OR1-Math-7B,3,0.6666666666666666,0.5,allenai/Olmo-3-7B-Think,mean,2.0,0.0625
shared,augmented,137,0.6545012165450121,0.560093509350935,allenai/Olmo-3-7B-Think,mean,3.0,0.09375
shared,official,34,0.5196078431372549,0.4847222222222222,allenai/Olmo-3-7B-Think,mean,3.0,0.09375
shared,official:DeepSeek-R1-0528-Qwen3-8B,10,0.5,0.484126984126984,allenai/Olmo-3-7B-Think,mean,3.0,0.09375
shared,official:Olmo-3-7B-Think,9,0.3703703703703704,0.2976190476190476,allenai/Olmo-3-7B-Think,mean,3.0,0.09375
shared,official:Qwen3.5-4B,12,0.5833333333333334,0.5625,allenai/Olmo-3-7B-Think,mean,3.0,0.09375
shared,official:Skywork-OR1-Math-7B,3,0.7777777777777777,0.6666666666666666,allenai/Olmo-3-7B-Think,mean,3.0,0.09375
shared,augmented,137,0.6690997566909975,0.5640355702236891,allenai/Olmo-3-7B-Think,mean,4.0,0.125
shared,official,34,0.5588235294117647,0.5513888888888888,allenai/Olmo-3-7B-Think,mean,4.0,0.125
shared,official:DeepSeek-R1-0528-Qwen3-8B,10,0.5333333333333333,0.5396825396825397,allenai/Olmo-3-7B-Think,mean,4.0,0.125
shared,official:Olmo-3-7B-Think,9,0.4074074074074074,0.38095238095238093,allenai/Olmo-3-7B-Think,mean,4.0,0.125
shared,official:Qwen3.5-4B,12,0.6111111111111112,0.6041666666666666,allenai/Olmo-3-7B-Think,mean,4.0,0.125
shared,official:Skywork-OR1-Math-7B,3,0.8888888888888888,0.8333333333333334,allenai/Olmo-3-7B-Think,mean,4.0,0.125
shared,augmented,137,0.656934306569343,0.5438668866886689,allenai/Olmo-3-7B-Think,mean,5.0,0.15625
shared,official,34,0.5588235294117647,0.5708333333333333,allenai/Olmo-3-7B-Think,mean,5.0,0.15625
shared,official:DeepSeek-R1-0528-Qwen3-8B,10,0.5333333333333333,0.5396825396825397,allenai/Olmo-3-7B-Think,mean,5.0,0.15625
shared,official:Olmo-3-7B-Think,9,0.3703703703703704,0.35714285714285715,allenai/Olmo-3-7B-Think,mean,5.0,0.15625
shared,official:Qwen3.5-4B,12,0.638888888888889,0.6666666666666666,allenai/Olmo-3-7B-Think,mean,5.0,0.15625
shared,official:Skywork-OR1-Math-7B,3,0.8888888888888888,0.8333333333333334,allenai/Olmo-3-7B-Think,mean,5.0,0.15625
shared,augmented,137,0.6690997566909975,0.5610561056105611,allenai/Olmo-3-7B-Think,mean,6.0,0.1875
shared,official,34,0.5392156862745098,0.5083333333333333,allenai/Olmo-3-7B-Think,mean,6.0,0.1875
shared,official:DeepSeek-R1-0528-Qwen3-8B,10,0.5,0.484126984126984,allenai/Olmo-3-7B-Think,mean,6.0,0.1875
shared,official:Olmo-3-7B-Think,9,0.4074074074074074,0.3214285714285714,allenai/Olmo-3-7B-Think,mean,6.0,0.1875
shared,official:Qwen3.5-4B,12,0.6111111111111112,0.6041666666666666,allenai/Olmo-3-7B-Think,mean,6.0,0.1875
shared,official:Skywork-OR1-Math-7B,3,0.7777777777777777,0.6666666666666666,allenai/Olmo-3-7B-Think,mean,6.0,0.1875
shared,augmented,137,0.6642335766423358,0.5577557755775578,allenai/Olmo-3-7B-Think,mean,7.0,0.21875
shared,official,34,0.5392156862745098,0.5180555555555556,allenai/Olmo-3-7B-Think,mean,7.0,0.21875
shared,official:DeepSeek-R1-0528-Qwen3-8B,10,0.5,0.484126984126984,allenai/Olmo-3-7B-Think,mean,7.0,0.21875
shared,official:Olmo-3-7B-Think,9,0.3703703703703704,0.2976190476190476,allenai/Olmo-3-7B-Think,mean,7.0,0.21875
shared,official:Qwen3.5-4B,12,0.6388888888888888,0.6458333333333334,allenai/Olmo-3-7B-Think,mean,7.0,0.21875
shared,official:Skywork-OR1-Math-7B,3,0.7777777777777777,0.6666666666666666,allenai/Olmo-3-7B-Think,mean,7.0,0.21875
shared,augmented,137,0.6715328467153284,0.5686651998533186,allenai/Olmo-3-7B-Think,mean,8.0,0.25
shared,official,34,0.5588235294117647,0.5513888888888888,allenai/Olmo-3-7B-Think,mean,8.0,0.25
shared,official:DeepSeek-R1-0528-Qwen3-8B,10,0.5666666666666667,0.5952380952380952,allenai/Olmo-3-7B-Think,mean,8.0,0.25
shared,official:Olmo-3-7B-Think,9,0.4074074074074074,0.38095238095238093,allenai/Olmo-3-7B-Think,mean,8.0,0.25
shared,official:Qwen3.5-4B,12,0.5833333333333334,0.5625,allenai/Olmo-3-7B-Think,mean,8.0,0.25
shared,official:Skywork-OR1-Math-7B,3,0.8888888888888888,0.8333333333333334,allenai/Olmo-3-7B-Think,mean,8.0,0.25
shared,augmented,137,0.6861313868613138,0.5845251191785845,allenai/Olmo-3-7B-Think,mean,9.0,0.28125
shared,official,34,0.6274509803921569,0.6486111111111111,allenai/Olmo-3-7B-Think,mean,9.0,0.28125
shared,official:DeepSeek-R1-0528-Qwen3-8B,10,0.5666666666666667,0.5952380952380952,allenai/Olmo-3-7B-Think,mean,9.0,0.28125
shared,official:Olmo-3-7B-Think,9,0.48148148148148145,0.4880952380952381,allenai/Olmo-3-7B-Think,mean,9.0,0.28125
shared,official:Qwen3.5-4B,12,0.6944444444444445,0.7083333333333334,allenai/Olmo-3-7B-Think,mean,9.0,0.28125
shared,official:Skywork-OR1-Math-7B,3,1.0,1.0,allenai/Olmo-3-7B-Think,mean,9.0,0.28125
shared,augmented,137,0.6788321167883211,0.5795746241290796,allenai/Olmo-3-7B-Think,mean,10.0,0.3125
shared,official,34,0.607843137254902,0.6347222222222222,allenai/Olmo-3-7B-Think,mean,10.0,0.3125
shared,official:DeepSeek-R1-0528-Qwen3-8B,10,0.5666666666666667,0.5952380952380952,allenai/Olmo-3-7B-Think,mean,10.0,0.3125
shared,official:Olmo-3-7B-Think,9,0.4444444444444444,0.46428571428571425,allenai/Olmo-3-7B-Think,mean,10.0,0.3125
shared,official:Qwen3.5-4B,12,0.6666666666666666,0.6875,allenai/Olmo-3-7B-Think,mean,10.0,0.3125
shared,official:Skywork-OR1-Math-7B,3,1.0,1.0,allenai/Olmo-3-7B-Think,mean,10.0,0.3125
shared,augmented,137,0.6763990267639902,0.566006600660066,allenai/Olmo-3-7B-Think,mean,11.0,0.34375
shared,official,34,0.5294117647058824,0.5013888888888888,allenai/Olmo-3-7B-Think,mean,11.0,0.34375
shared,official:DeepSeek-R1-0528-Qwen3-8B,10,0.5,0.484126984126984,allenai/Olmo-3-7B-Think,mean,11.0,0.34375
shared,official:Olmo-3-7B-Think,9,0.3703703703703704,0.2976190476190476,allenai/Olmo-3-7B-Think,mean,11.0,0.34375
shared,official:Qwen3.5-4B,12,0.6111111111111112,0.6041666666666666,allenai/Olmo-3-7B-Think,mean,11.0,0.34375
shared,official:Skywork-OR1-Math-7B,3,0.7777777777777777,0.6666666666666666,allenai/Olmo-3-7B-Think,mean,11.0,0.34375
shared,augmented,137,0.6642335766423357,0.5547763109644298,allenai/Olmo-3-7B-Think,mean,12.0,0.375
shared,official,34,0.5686274509803922,0.5680555555555555,allenai/Olmo-3-7B-Think,mean,12.0,0.375
shared,official:DeepSeek-R1-0528-Qwen3-8B,10,0.5333333333333333,0.5396825396825397,allenai/Olmo-3-7B-Think,mean,12.0,0.375
shared,official:Olmo-3-7B-Think,9,0.4074074074074074,0.38095238095238093,allenai/Olmo-3-7B-Think,mean,12.0,0.375
shared,official:Qwen3.5-4B,12,0.6388888888888888,0.6458333333333334,allenai/Olmo-3-7B-Think,mean,12.0,0.375
shared,official:Skywork-OR1-Math-7B,3,0.8888888888888888,0.8333333333333334,allenai/Olmo-3-7B-Think,mean,12.0,0.375
shared,augmented,137,0.6618004866180048,0.5441877521085442,allenai/Olmo-3-7B-Think,mean,13.0,0.40625
shared,official,34,0.5686274509803922,0.5583333333333332,allenai/Olmo-3-7B-Think,mean,13.0,0.40625
shared,official:DeepSeek-R1-0528-Qwen3-8B,10,0.5333333333333333,0.5396825396825397,allenai/Olmo-3-7B-Think,mean,13.0,0.40625
shared,official:Olmo-3-7B-Think,9,0.4444444444444444,0.4047619047619047,allenai/Olmo-3-7B-Think,mean,13.0,0.40625
shared,official:Qwen3.5-4B,12,0.611111111111111,0.6041666666666666,allenai/Olmo-3-7B-Think,mean,13.0,0.40625
shared,official:Skywork-OR1-Math-7B,3,0.8888888888888888,0.8333333333333334,allenai/Olmo-3-7B-Think,mean,13.0,0.40625
shared,augmented,137,0.6690997566909975,0.5610561056105611,allenai/Olmo-3-7B-Think,mean,14.0,0.4375
shared,official,34,0.5686274509803922,0.548611111111111,allenai/Olmo-3-7B-Think,mean,14.0,0.4375
shared,official:DeepSeek-R1-0528-Qwen3-8B,10,0.5333333333333333,0.5396825396825397,allenai/Olmo-3-7B-Think,mean,14.0,0.4375
shared,official:Olmo-3-7B-Think,9,0.4444444444444444,0.4047619047619047,allenai/Olmo-3-7B-Think,mean,14.0,0.4375
shared,official:Qwen3.5-4B,12,0.611111111111111,0.5833333333333334,allenai/Olmo-3-7B-Think,mean,14.0,0.4375
shared,official:Skywork-OR1-Math-7B,3,0.8888888888888888,0.8333333333333334,allenai/Olmo-3-7B-Think,mean,14.0,0.4375
shared,augmented,137,0.6618004866180048,0.5620645397873121,allenai/Olmo-3-7B-Think,mean,15.0,0.46875
shared,official,34,0.5784313725490197,0.5652777777777778,allenai/Olmo-3-7B-Think,mean,15.0,0.46875
shared,official:DeepSeek-R1-0528-Qwen3-8B,10,0.5333333333333333,0.5396825396825397,allenai/Olmo-3-7B-Think,mean,15.0,0.46875
shared,official:Olmo-3-7B-Think,9,0.4444444444444444,0.4047619047619047,allenai/Olmo-3-7B-Think,mean,15.0,0.46875
shared,official:Qwen3.5-4B,12,0.6388888888888888,0.625,allenai/Olmo-3-7B-Think,mean,15.0,0.46875
shared,official:Skywork-OR1-Math-7B,3,0.8888888888888888,0.8333333333333334,allenai/Olmo-3-7B-Think,mean,15.0,0.46875
shared,augmented,137,0.6690997566909975,0.569994499449945,allenai/Olmo-3-7B-Think,mean,16.0,0.5
shared,official,34,0.5392156862745098,0.5083333333333333,allenai/Olmo-3-7B-Think,mean,16.0,0.5
shared,official:DeepSeek-R1-0528-Qwen3-8B,10,0.5,0.484126984126984,allenai/Olmo-3-7B-Think,mean,16.0,0.5
shared,official:Olmo-3-7B-Think,9,0.4074074074074074,0.3214285714285714,allenai/Olmo-3-7B-Think,mean,16.0,0.5
shared,official:Qwen3.5-4B,12,0.6388888888888888,0.625,allenai/Olmo-3-7B-Think,mean,16.0,0.5
shared,official:Skywork-OR1-Math-7B,3,0.6666666666666666,0.5833333333333334,allenai/Olmo-3-7B-Think,mean,16.0,0.5
shared,augmented,137,0.6763990267639902,0.5689860652731941,allenai/Olmo-3-7B-Think,mean,17.0,0.53125
shared,official,34,0.4705882352941176,0.42083333333333334,allenai/Olmo-3-7B-Think,mean,17.0,0.53125
shared,official:DeepSeek-R1-0528-Qwen3-8B,10,0.4666666666666666,0.4603174603174603,allenai/Olmo-3-7B-Think,mean,17.0,0.53125
shared,official:Olmo-3-7B-Think,9,0.3333333333333333,0.21428571428571427,allenai/Olmo-3-7B-Think,mean,17.0,0.53125
shared,official:Qwen3.5-4B,12,0.5555555555555556,0.5208333333333334,allenai/Olmo-3-7B-Think,mean,17.0,0.53125
shared,official:Skywork-OR1-Math-7B,3,0.5555555555555555,0.4166666666666667,allenai/Olmo-3-7B-Think,mean,17.0,0.53125
shared,augmented,137,0.683698296836983,0.567977631096443,allenai/Olmo-3-7B-Think,mean,18.0,0.5625
shared,official,34,0.5196078431372549,0.5041666666666667,allenai/Olmo-3-7B-Think,mean,18.0,0.5625
shared,official:DeepSeek-R1-0528-Qwen3-8B,10,0.4666666666666666,0.4603174603174603,allenai/Olmo-3-7B-Think,mean,18.0,0.5625
shared,official:Olmo-3-7B-Think,9,0.3703703703703704,0.2976190476190476,allenai/Olmo-3-7B-Think,mean,18.0,0.5625
shared,official:Qwen3.5-4B,12,0.6388888888888888,0.6458333333333334,allenai/Olmo-3-7B-Think,mean,18.0,0.5625
shared,official:Skywork-OR1-Math-7B,3,0.6666666666666666,0.5833333333333334,allenai/Olmo-3-7B-Think,mean,18.0,0.5625
shared,augmented,137,0.6909975669099757,0.5818665199853319,allenai/Olmo-3-7B-Think,mean,19.0,0.59375
shared,official,34,0.5294117647058824,0.5111111111111111,allenai/Olmo-3-7B-Think,mean,19.0,0.59375
shared,official:DeepSeek-R1-0528-Qwen3-8B,10,0.4666666666666666,0.4603174603174603,allenai/Olmo-3-7B-Think,mean,19.0,0.59375
shared,official:Olmo-3-7B-Think,9,0.3703703703703704,0.2976190476190476,allenai/Olmo-3-7B-Think,mean,19.0,0.59375
shared,official:Qwen3.5-4B,12,0.6388888888888888,0.6458333333333334,allenai/Olmo-3-7B-Think,mean,19.0,0.59375
shared,official:Skywork-OR1-Math-7B,3,0.7777777777777777,0.6666666666666666,allenai/Olmo-3-7B-Think,mean,19.0,0.59375
shared,augmented,137,0.7031630170316302,0.5930968096809681,allenai/Olmo-3-7B-Think,mean,20.0,0.625
shared,official,34,0.5882352941176471,0.5916666666666667,allenai/Olmo-3-7B-Think,mean,20.0,0.625
shared,official:DeepSeek-R1-0528-Qwen3-8B,10,0.5333333333333333,0.5396825396825397,allenai/Olmo-3-7B-Think,mean,20.0,0.625
shared,official:Olmo-3-7B-Think,9,0.4444444444444444,0.4047619047619047,allenai/Olmo-3-7B-Think,mean,20.0,0.625
shared,official:Qwen3.5-4B,12,0.6666666666666666,0.6875,allenai/Olmo-3-7B-Think,mean,20.0,0.625
shared,official:Skywork-OR1-Math-7B,3,0.8888888888888888,0.8333333333333334,allenai/Olmo-3-7B-Think,mean,20.0,0.625
shared,augmented,137,0.6934306569343066,0.5864961496149615,allenai/Olmo-3-7B-Think,mean,21.0,0.65625
shared,official,34,0.5392156862745098,0.5083333333333333,allenai/Olmo-3-7B-Think,mean,21.0,0.65625
shared,official:DeepSeek-R1-0528-Qwen3-8B,10,0.5,0.5158730158730158,allenai/Olmo-3-7B-Think,mean,21.0,0.65625
shared,official:Olmo-3-7B-Think,9,0.4074074074074074,0.3214285714285714,allenai/Olmo-3-7B-Think,mean,21.0,0.65625
shared,official:Qwen3.5-4B,12,0.6111111111111112,0.5833333333333334,allenai/Olmo-3-7B-Think,mean,21.0,0.65625
shared,official:Skywork-OR1-Math-7B,3,0.7777777777777777,0.6666666666666666,allenai/Olmo-3-7B-Think,mean,21.0,0.65625
shared,augmented,137,0.6861313868613138,0.5755867253392006,allenai/Olmo-3-7B-Think,mean,22.0,0.6875
shared,official,34,0.5686274509803922,0.548611111111111,allenai/Olmo-3-7B-Think,mean,22.0,0.6875
shared,official:DeepSeek-R1-0528-Qwen3-8B,10,0.5333333333333333,0.5396825396825397,allenai/Olmo-3-7B-Think,mean,22.0,0.6875
shared,official:Olmo-3-7B-Think,9,0.4444444444444444,0.4047619047619047,allenai/Olmo-3-7B-Think,mean,22.0,0.6875
shared,official:Qwen3.5-4B,12,0.611111111111111,0.5833333333333334,allenai/Olmo-3-7B-Think,mean,22.0,0.6875
shared,official:Skywork-OR1-Math-7B,3,0.8888888888888888,0.8333333333333334,allenai/Olmo-3-7B-Think,mean,22.0,0.6875
shared,augmented,137,0.6934306569343066,0.5745782911624496,allenai/Olmo-3-7B-Think,mean,23.0,0.71875
shared,official,34,0.5588235294117647,0.5319444444444444,allenai/Olmo-3-7B-Think,mean,23.0,0.71875
shared,official:DeepSeek-R1-0528-Qwen3-8B,10,0.5333333333333333,0.5396825396825397,allenai/Olmo-3-7B-Think,mean,23.0,0.71875
shared,official:Olmo-3-7B-Think,9,0.4074074074074074,0.3214285714285714,allenai/Olmo-3-7B-Think,mean,23.0,0.71875
shared,official:Qwen3.5-4B,12,0.6388888888888888,0.625,allenai/Olmo-3-7B-Think,mean,23.0,0.71875
shared,official:Skywork-OR1-Math-7B,3,0.7777777777777777,0.6666666666666666,allenai/Olmo-3-7B-Think,mean,23.0,0.71875
shared,augmented,137,0.6909975669099757,0.5699486615328201,allenai/Olmo-3-7B-Think,mean,24.0,0.75
shared,official,34,0.5980392156862745,0.5888888888888889,allenai/Olmo-3-7B-Think,mean,24.0,0.75
shared,official:DeepSeek-R1-0528-Qwen3-8B,10,0.5333333333333333,0.5396825396825397,allenai/Olmo-3-7B-Think,mean,24.0,0.75
shared,official:Olmo-3-7B-Think,9,0.48148148148148145,0.42857142857142855,allenai/Olmo-3-7B-Think,mean,24.0,0.75
shared,official:Qwen3.5-4B,12,0.6666666666666666,0.6666666666666666,allenai/Olmo-3-7B-Think,mean,24.0,0.75
shared,official:Skywork-OR1-Math-7B,3,0.8888888888888888,0.8333333333333334,allenai/Olmo-3-7B-Think,mean,24.0,0.75
shared,augmented,137,0.6885644768856447,0.5742574257425743,allenai/Olmo-3-7B-Think,mean,25.0,0.78125
shared,official,34,0.5784313725490197,0.5555555555555555,allenai/Olmo-3-7B-Think,mean,25.0,0.78125
shared,official:DeepSeek-R1-0528-Qwen3-8B,10,0.5666666666666667,0.5634920634920635,allenai/Olmo-3-7B-Think,mean,25.0,0.78125
shared,official:Olmo-3-7B-Think,9,0.4444444444444444,0.3452380952380952,allenai/Olmo-3-7B-Think,mean,25.0,0.78125
shared,official:Qwen3.5-4B,12,0.6666666666666666,0.6666666666666666,allenai/Olmo-3-7B-Think,mean,25.0,0.78125
shared,official:Skywork-OR1-Math-7B,3,0.6666666666666666,0.5833333333333334,allenai/Olmo-3-7B-Think,mean,25.0,0.78125
shared,augmented,137,0.6958637469586374,0.5792079207920792,allenai/Olmo-3-7B-Think,mean,26.0,0.8125
shared,official,34,0.5490196078431372,0.5055555555555555,allenai/Olmo-3-7B-Think,mean,26.0,0.8125
shared,official:DeepSeek-R1-0528-Qwen3-8B,10,0.5333333333333333,0.5396825396825397,allenai/Olmo-3-7B-Think,mean,26.0,0.8125
shared,official:Olmo-3-7B-Think,9,0.4444444444444444,0.3452380952380952,allenai/Olmo-3-7B-Think,mean,26.0,0.8125
shared,official:Qwen3.5-4B,12,0.5833333333333334,0.5416666666666666,allenai/Olmo-3-7B-Think,mean,26.0,0.8125
shared,official:Skywork-OR1-Math-7B,3,0.7777777777777777,0.6666666666666666,allenai/Olmo-3-7B-Think,mean,26.0,0.8125
shared,augmented,137,0.6934306569343066,0.5805372203887055,allenai/Olmo-3-7B-Think,mean,27.0,0.84375
shared,official,34,0.5392156862745098,0.4986111111111111,allenai/Olmo-3-7B-Think,mean,27.0,0.84375
shared,official:DeepSeek-R1-0528-Qwen3-8B,10,0.5333333333333333,0.5079365079365079,allenai/Olmo-3-7B-Think,mean,27.0,0.84375
shared,official:Olmo-3-7B-Think,9,0.4074074074074074,0.32142857142857145,allenai/Olmo-3-7B-Think,mean,27.0,0.84375
shared,official:Qwen3.5-4B,12,0.5833333333333334,0.5625,allenai/Olmo-3-7B-Think,mean,27.0,0.84375
shared,official:Skywork-OR1-Math-7B,3,0.7777777777777777,0.6666666666666666,allenai/Olmo-3-7B-Think,mean,27.0,0.84375
shared,augmented,137,0.705596107055961,0.5977264393105978,allenai/Olmo-3-7B-Think,mean,28.0,0.875
shared,official,34,0.5784313725490197,0.5652777777777778,allenai/Olmo-3-7B-Think,mean,28.0,0.875
shared,official:DeepSeek-R1-0528-Qwen3-8B,10,0.5666666666666667,0.5634920634920635,allenai/Olmo-3-7B-Think,mean,28.0,0.875
shared,official:Olmo-3-7B-Think,9,0.4444444444444444,0.4047619047619048,allenai/Olmo-3-7B-Think,mean,28.0,0.875
shared,official:Qwen3.5-4B,12,0.6388888888888888,0.6458333333333334,allenai/Olmo-3-7B-Think,mean,28.0,0.875
shared,official:Skywork-OR1-Math-7B,3,0.7777777777777777,0.6666666666666666,allenai/Olmo-3-7B-Think,mean,28.0,0.875
shared,augmented,137,0.705596107055961,0.5977264393105978,allenai/Olmo-3-7B-Think,mean,29.0,0.90625
shared,official,34,0.5588235294117647,0.5319444444444444,allenai/Olmo-3-7B-Think,mean,29.0,0.90625
shared,official:DeepSeek-R1-0528-Qwen3-8B,10,0.5666666666666667,0.5634920634920635,allenai/Olmo-3-7B-Think,mean,29.0,0.90625
shared,official:Olmo-3-7B-Think,9,0.4074074074074074,0.32142857142857145,allenai/Olmo-3-7B-Think,mean,29.0,0.90625
shared,official:Qwen3.5-4B,12,0.6111111111111112,0.6041666666666666,allenai/Olmo-3-7B-Think,mean,29.0,0.90625
shared,official:Skywork-OR1-Math-7B,3,0.7777777777777777,0.6666666666666666,allenai/Olmo-3-7B-Think,mean,29.0,0.90625
shared,augmented,137,0.6982968369829683,0.5927759442610928,allenai/Olmo-3-7B-Think,mean,30.0,0.9375
shared,official,34,0.6176470588235294,0.6027777777777777,allenai/Olmo-3-7B-Think,mean,30.0,0.9375
shared,official:DeepSeek-R1-0528-Qwen3-8B,10,0.6,0.5873015873015873,allenai/Olmo-3-7B-Think,mean,30.0,0.9375
shared,official:Olmo-3-7B-Think,9,0.48148148148148145,0.42857142857142855,allenai/Olmo-3-7B-Think,mean,30.0,0.9375
shared,official:Qwen3.5-4B,12,0.6666666666666666,0.6666666666666666,allenai/Olmo-3-7B-Think,mean,30.0,0.9375
shared,official:Skywork-OR1-Math-7B,3,0.8888888888888888,0.8333333333333334,allenai/Olmo-3-7B-Think,mean,30.0,0.9375
shared,augmented,137,0.7007299270072993,0.6033645031169784,allenai/Olmo-3-7B-Think,mean,31.0,0.96875
shared,official,34,0.6274509803921569,0.6194444444444445,allenai/Olmo-3-7B-Think,mean,31.0,0.96875
shared,official:DeepSeek-R1-0528-Qwen3-8B,10,0.6,0.5873015873015873,allenai/Olmo-3-7B-Think,mean,31.0,0.96875
shared,official:Olmo-3-7B-Think,9,0.4444444444444444,0.3452380952380952,allenai/Olmo-3-7B-Think,mean,31.0,0.96875
shared,official:Qwen3.5-4B,12,0.75,0.7916666666666666,allenai/Olmo-3-7B-Think,mean,31.0,0.96875
shared,official:Skywork-OR1-Math-7B,3,0.7777777777777777,0.6666666666666666,allenai/Olmo-3-7B-Think,mean,31.0,0.96875
shared,augmented,137,0.6958637469586374,0.5911257792445911,allenai/Olmo-3-7B-Think,mean,32.0,1.0
shared,official,34,0.5980392156862745,0.5888888888888889,allenai/Olmo-3-7B-Think,mean,32.0,1.0
shared,official:DeepSeek-R1-0528-Qwen3-8B,10,0.6,0.5873015873015873,allenai/Olmo-3-7B-Think,mean,32.0,1.0
shared,official:Olmo-3-7B-Think,9,0.40740740740740744,0.3214285714285714,allenai/Olmo-3-7B-Think,mean,32.0,1.0
shared,official:Qwen3.5-4B,12,0.6944444444444443,0.7291666666666666,allenai/Olmo-3-7B-Think,mean,32.0,1.0
shared,official:Skywork-OR1-Math-7B,3,0.7777777777777777,0.6666666666666666,allenai/Olmo-3-7B-Think,mean,32.0,1.0
self,official,9,0.7777777777777778,0.5,allenai/Olmo-3-7B-Think,mean,0.0,0.0
self,official:Olmo-3-7B-Think,9,0.7777777777777778,0.5,allenai/Olmo-3-7B-Think,mean,0.0,0.0
self,official,9,0.7777777777777778,0.5,allenai/Olmo-3-7B-Think,mean,1.0,0.03125
self,official:Olmo-3-7B-Think,9,0.7777777777777778,0.5,allenai/Olmo-3-7B-Think,mean,1.0,0.03125
self,official,9,0.7777777777777778,0.5,allenai/Olmo-3-7B-Think,mean,2.0,0.0625
self,official:Olmo-3-7B-Think,9,0.7777777777777778,0.5,allenai/Olmo-3-7B-Think,mean,2.0,0.0625
self,official,9,0.7777777777777778,0.5,allenai/Olmo-3-7B-Think,mean,3.0,0.09375
self,official:Olmo-3-7B-Think,9,0.7777777777777778,0.5,allenai/Olmo-3-7B-Think,mean,3.0,0.09375
self,official,9,0.7777777777777778,0.5,allenai/Olmo-3-7B-Think,mean,4.0,0.125
self,official:Olmo-3-7B-Think,9,0.7777777777777778,0.5,allenai/Olmo-3-7B-Think,mean,4.0,0.125
self,official,9,0.7777777777777778,0.5,allenai/Olmo-3-7B-Think,mean,5.0,0.15625
self,official:Olmo-3-7B-Think,9,0.7777777777777778,0.5,allenai/Olmo-3-7B-Think,mean,5.0,0.15625
self,official,9,0.7777777777777778,0.5,allenai/Olmo-3-7B-Think,mean,6.0,0.1875
self,official:Olmo-3-7B-Think,9,0.7777777777777778,0.5,allenai/Olmo-3-7B-Think,mean,6.0,0.1875
self,official,9,0.7777777777777778,0.5,allenai/Olmo-3-7B-Think,mean,7.0,0.21875
self,official:Olmo-3-7B-Think,9,0.7777777777777778,0.5,allenai/Olmo-3-7B-Think,mean,7.0,0.21875
self,official,9,0.7777777777777778,0.5,allenai/Olmo-3-7B-Think,mean,8.0,0.25
self,official:Olmo-3-7B-Think,9,0.7777777777777778,0.5,allenai/Olmo-3-7B-Think,mean,8.0,0.25
self,official,9,0.7777777777777778,0.5,allenai/Olmo-3-7B-Think,mean,9.0,0.28125
self,official:Olmo-3-7B-Think,9,0.7777777777777778,0.5,allenai/Olmo-3-7B-Think,mean,9.0,0.28125
self,official,9,0.7777777777777778,0.5,allenai/Olmo-3-7B-Think,mean,10.0,0.3125
self,official:Olmo-3-7B-Think,9,0.7777777777777778,0.5,allenai/Olmo-3-7B-Think,mean,10.0,0.3125
self,official,9,0.7777777777777778,0.5,allenai/Olmo-3-7B-Think,mean,11.0,0.34375
self,official:Olmo-3-7B-Think,9,0.7777777777777778,0.5,allenai/Olmo-3-7B-Think,mean,11.0,0.34375
self,official,9,0.7037037037037037,0.4523809523809524,allenai/Olmo-3-7B-Think,mean,12.0,0.375
self,official:Olmo-3-7B-Think,9,0.7037037037037037,0.4523809523809524,allenai/Olmo-3-7B-Think,mean,12.0,0.375
self,official,9,0.7777777777777778,0.5,allenai/Olmo-3-7B-Think,mean,13.0,0.40625
self,official:Olmo-3-7B-Think,9,0.7777777777777778,0.5,allenai/Olmo-3-7B-Think,mean,13.0,0.40625
self,official,9,0.7407407407407408,0.4761904761904762,allenai/Olmo-3-7B-Think,mean,14.0,0.4375
self,official:Olmo-3-7B-Think,9,0.7407407407407408,0.4761904761904762,allenai/Olmo-3-7B-Think,mean,14.0,0.4375
self,official,9,0.7407407407407408,0.4761904761904762,allenai/Olmo-3-7B-Think,mean,15.0,0.46875
self,official:Olmo-3-7B-Think,9,0.7407407407407408,0.4761904761904762,allenai/Olmo-3-7B-Think,mean,15.0,0.46875
self,official,9,0.7407407407407408,0.4761904761904762,allenai/Olmo-3-7B-Think,mean,16.0,0.5
self,official:Olmo-3-7B-Think,9,0.7407407407407408,0.4761904761904762,allenai/Olmo-3-7B-Think,mean,16.0,0.5
self,official,9,0.7407407407407408,0.4761904761904762,allenai/Olmo-3-7B-Think,mean,17.0,0.53125
self,official:Olmo-3-7B-Think,9,0.7407407407407408,0.4761904761904762,allenai/Olmo-3-7B-Think,mean,17.0,0.53125
self,official,9,0.7407407407407408,0.4761904761904762,allenai/Olmo-3-7B-Think,mean,18.0,0.5625
self,official:Olmo-3-7B-Think,9,0.7407407407407408,0.4761904761904762,allenai/Olmo-3-7B-Think,mean,18.0,0.5625
self,official,9,0.7407407407407408,0.4761904761904762,allenai/Olmo-3-7B-Think,mean,19.0,0.59375
self,official:Olmo-3-7B-Think,9,0.7407407407407408,0.4761904761904762,allenai/Olmo-3-7B-Think,mean,19.0,0.59375
self,official,9,0.7037037037037037,0.4523809523809524,allenai/Olmo-3-7B-Think,mean,20.0,0.625
self,official:Olmo-3-7B-Think,9,0.7037037037037037,0.4523809523809524,allenai/Olmo-3-7B-Think,mean,20.0,0.625
self,official,9,0.7407407407407408,0.4761904761904762,allenai/Olmo-3-7B-Think,mean,21.0,0.65625
self,official:Olmo-3-7B-Think,9,0.7407407407407408,0.4761904761904762,allenai/Olmo-3-7B-Think,mean,21.0,0.65625
self,official,9,0.7407407407407408,0.4761904761904762,allenai/Olmo-3-7B-Think,mean,22.0,0.6875
self,official:Olmo-3-7B-Think,9,0.7407407407407408,0.4761904761904762,allenai/Olmo-3-7B-Think,mean,22.0,0.6875
self,official,9,0.7407407407407408,0.4761904761904762,allenai/Olmo-3-7B-Think,mean,23.0,0.71875
self,official:Olmo-3-7B-Think,9,0.7407407407407408,0.4761904761904762,allenai/Olmo-3-7B-Think,mean,23.0,0.71875
self,official,9,0.7407407407407408,0.4761904761904762,allenai/Olmo-3-7B-Think,mean,24.0,0.75
self,official:Olmo-3-7B-Think,9,0.7407407407407408,0.4761904761904762,allenai/Olmo-3-7B-Think,mean,24.0,0.75
self,official,9,0.7407407407407408,0.4761904761904762,allenai/Olmo-3-7B-Think,mean,25.0,0.78125
self,official:Olmo-3-7B-Think,9,0.7407407407407408,0.4761904761904762,allenai/Olmo-3-7B-Think,mean,25.0,0.78125
self,official,9,0.7777777777777778,0.5,allenai/Olmo-3-7B-Think,mean,26.0,0.8125
self,official:Olmo-3-7B-Think,9,0.7777777777777778,0.5,allenai/Olmo-3-7B-Think,mean,26.0,0.8125
self,official,9,0.7407407407407408,0.4761904761904762,allenai/Olmo-3-7B-Think,mean,27.0,0.84375
self,official:Olmo-3-7B-Think,9,0.7407407407407408,0.4761904761904762,allenai/Olmo-3-7B-Think,mean,27.0,0.84375
self,official,9,0.7777777777777778,0.5,allenai/Olmo-3-7B-Think,mean,28.0,0.875
self,official:Olmo-3-7B-Think,9,0.7777777777777778,0.5,allenai/Olmo-3-7B-Think,mean,28.0,0.875
self,official,9,0.7777777777777778,0.5,allenai/Olmo-3-7B-Think,mean,29.0,0.90625
self,official:Olmo-3-7B-Think,9,0.7777777777777778,0.5,allenai/Olmo-3-7B-Think,mean,29.0,0.90625
self,official,9,0.7777777777777778,0.5,allenai/Olmo-3-7B-Think,mean,30.0,0.9375
self,official:Olmo-3-7B-Think,9,0.7777777777777778,0.5,allenai/Olmo-3-7B-Think,mean,30.0,0.9375
self,official,9,0.7777777777777778,0.5,allenai/Olmo-3-7B-Think,mean,31.0,0.96875
self,official:Olmo-3-7B-Think,9,0.7777777777777778,0.5,allenai/Olmo-3-7B-Think,mean,31.0,0.96875
self,official,9,0.7037037037037037,0.4523809523809524,allenai/Olmo-3-7B-Think,mean,32.0,1.0
self,official:Olmo-3-7B-Think,9,0.7037037037037037,0.4523809523809524,allenai/Olmo-3-7B-Think,mean,32.0,1.0
shared,augmented,137,0.7372262773722628,0.5,deepseek-ai/DeepSeek-R1-0528-Qwen3-8B,last,0.0,0.0
shared,official,34,0.5882352941176471,0.5041666666666667,deepseek-ai/DeepSeek-R1-0528-Qwen3-8B,last,0.0,0.0
shared,official:DeepSeek-R1-0528-Qwen3-8B,10,0.3,0.5,deepseek-ai/DeepSeek-R1-0528-Qwen3-8B,last,0.0,0.0
shared,official:Olmo-3-7B-Think,9,0.7777777777777778,0.5,deepseek-ai/DeepSeek-R1-0528-Qwen3-8B,last,0.0,0.0
shared,official:Qwen3.5-4B,12,0.6666666666666666,0.5,deepseek-ai/DeepSeek-R1-0528-Qwen3-8B,last,0.0,0.0
shared,official:Skywork-OR1-Math-7B,3,0.6666666666666666,0.5,deepseek-ai/DeepSeek-R1-0528-Qwen3-8B,last,0.0,0.0
shared,augmented,137,0.656934306569343,0.5587642097543087,deepseek-ai/DeepSeek-R1-0528-Qwen3-8B,last,1.0,0.027777777777777776
shared,official,34,0.45098039215686275,0.45555555555555555,deepseek-ai/DeepSeek-R1-0528-Qwen3-8B,last,1.0,0.027777777777777776
shared,official:DeepSeek-R1-0528-Qwen3-8B,10,0.43333333333333335,0.4047619047619047,deepseek-ai/DeepSeek-R1-0528-Qwen3-8B,last,1.0,0.027777777777777776
shared,official:Olmo-3-7B-Think,9,0.3333333333333333,0.2738095238095238,deepseek-ai/DeepSeek-R1-0528-Qwen3-8B,last,1.0,0.027777777777777776
shared,official:Qwen3.5-4B,12,0.47222222222222227,0.5416666666666666,deepseek-ai/DeepSeek-R1-0528-Qwen3-8B,last,1.0,0.027777777777777776
shared,official:Skywork-OR1-Math-7B,3,0.7777777777777777,0.6666666666666666,deepseek-ai/DeepSeek-R1-0528-Qwen3-8B,last,1.0,0.027777777777777776
shared,augmented,137,0.635036496350365,0.5319948661532821,deepseek-ai/DeepSeek-R1-0528-Qwen3-8B,last,2.0,0.05555555555555555
shared,official,34,0.5,0.5291666666666667,deepseek-ai/DeepSeek-R1-0528-Qwen3-8B,last,2.0,0.05555555555555555
shared,official:DeepSeek-R1-0528-Qwen3-8B,10,0.5,0.5158730158730158,deepseek-ai/DeepSeek-R1-0528-Qwen3-8B,last,2.0,0.05555555555555555
shared,official:Olmo-3-7B-Think,9,0.3333333333333333,0.3333333333333333,deepseek-ai/DeepSeek-R1-0528-Qwen3-8B,last,2.0,0.05555555555555555
shared,official:Qwen3.5-4B,12,0.5277777777777778,0.5833333333333334,deepseek-ai/DeepSeek-R1-0528-Qwen3-8B,last,2.0,0.05555555555555555
shared,official:Skywork-OR1-Math-7B,3,0.8888888888888888,0.8333333333333334,deepseek-ai/DeepSeek-R1-0528-Qwen3-8B,last,2.0,0.05555555555555555
shared,augmented,137,0.6763990267639902,0.5749449944994499,deepseek-ai/DeepSeek-R1-0528-Qwen3-8B,last,3.0,0.08333333333333333
shared,official,34,0.607843137254902,0.6541666666666667,deepseek-ai/DeepSeek-R1-0528-Qwen3-8B,last,3.0,0.08333333333333333
shared,official:DeepSeek-R1-0528-Qwen3-8B,10,0.5333333333333333,0.5714285714285714,deepseek-ai/DeepSeek-R1-0528-Qwen3-8B,last,3.0,0.08333333333333333
shared,official:Olmo-3-7B-Think,9,0.4444444444444444,0.46428571428571425,deepseek-ai/DeepSeek-R1-0528-Qwen3-8B,last,3.0,0.08333333333333333
shared,official:Qwen3.5-4B,12,0.6944444444444443,0.75,deepseek-ai/DeepSeek-R1-0528-Qwen3-8B,last,3.0,0.08333333333333333
shared,official:Skywork-OR1-Math-7B,3,1.0,1.0,deepseek-ai/DeepSeek-R1-0528-Qwen3-8B,last,3.0,0.08333333333333333
shared,augmented,137,0.6812652068126521,0.5991015768243492,deepseek-ai/DeepSeek-R1-0528-Qwen3-8B,last,4.0,0.1111111111111111
shared,official,34,0.5294117647058824,0.5986111111111111,deepseek-ai/DeepSeek-R1-0528-Qwen3-8B,last,4.0,0.1111111111111111
shared,official:DeepSeek-R1-0528-Qwen3-8B,10,0.4666666666666666,0.5238095238095237,deepseek-ai/DeepSeek-R1-0528-Qwen3-8B,last,4.0,0.1111111111111111
shared,official:Olmo-3-7B-Think,9,0.3333333333333333,0.39285714285714285,deepseek-ai/DeepSeek-R1-0528-Qwen3-8B,last,4.0,0.1111111111111111
shared,official:Qwen3.5-4B,12,0.611111111111111,0.6875,deepseek-ai/DeepSeek-R1-0528-Qwen3-8B,last,4.0,0.1111111111111111
shared,official:Skywork-OR1-Math-7B,3,1.0,1.0,deepseek-ai/DeepSeek-R1-0528-Qwen3-8B,last,4.0,0.1111111111111111
shared,augmented,137,0.6496350364963503,0.5657315731573157,deepseek-ai/DeepSeek-R1-0528-Qwen3-8B,last,5.0,0.1388888888888889
shared,official,34,0.4215686274509804,0.425,deepseek-ai/DeepSeek-R1-0528-Qwen3-8B,last,5.0,0.1388888888888889
shared,official:DeepSeek-R1-0528-Qwen3-8B,10,0.3333333333333333,0.3650793650793651,deepseek-ai/DeepSeek-R1-0528-Qwen3-8B,last,5.0,0.1388888888888889
shared,official:Olmo-3-7B-Think,9,0.3333333333333333,0.2738095238095238,deepseek-ai/DeepSeek-R1-0528-Qwen3-8B,last,5.0,0.1388888888888889
shared,official:Qwen3.5-4B,12,0.47222222222222227,0.5,deepseek-ai/DeepSeek-R1-0528-Qwen3-8B,last,5.0,0.1388888888888889
shared,official:Skywork-OR1-Math-7B,3,0.7777777777777777,0.6666666666666666,deepseek-ai/DeepSeek-R1-0528-Qwen3-8B,last,5.0,0.1388888888888889
shared,augmented,137,0.6642335766423357,0.5786120278694536,deepseek-ai/DeepSeek-R1-0528-Qwen3-8B,last,6.0,0.16666666666666666
shared,official,34,0.45098039215686275,0.4166666666666667,deepseek-ai/DeepSeek-R1-0528-Qwen3-8B,last,6.0,0.16666666666666666
shared,official:DeepSeek-R1-0528-Qwen3-8B,10,0.43333333333333335,0.4047619047619047,deepseek-ai/DeepSeek-R1-0528-Qwen3-8B,last,6.0,0.16666666666666666
shared,official:Olmo-3-7B-Think,9,0.25925925925925924,0.16666666666666666,deepseek-ai/DeepSeek-R1-0528-Qwen3-8B,last,6.0,0.16666666666666666
shared,official:Qwen3.5-4B,12,0.5555555555555556,0.5625,deepseek-ai/DeepSeek-R1-0528-Qwen3-8B,last,6.0,0.16666666666666666
shared,official:Skywork-OR1-Math-7B,3,0.6666666666666666,0.5,deepseek-ai/DeepSeek-R1-0528-Qwen3-8B,last,6.0,0.16666666666666666
shared,augmented,137,0.6690997566909976,0.569994499449945,deepseek-ai/DeepSeek-R1-0528-Qwen3-8B,last,7.0,0.19444444444444445
shared,official,34,0.5882352941176471,0.5916666666666667,deepseek-ai/DeepSeek-R1-0528-Qwen3-8B,last,7.0,0.19444444444444445
shared,official:DeepSeek-R1-0528-Qwen3-8B,10,0.6,0.6190476190476191,deepseek-ai/DeepSeek-R1-0528-Qwen3-8B,last,7.0,0.19444444444444445
shared,official:Olmo-3-7B-Think,9,0.4074074074074074,0.38095238095238093,deepseek-ai/DeepSeek-R1-0528-Qwen3-8B,last,7.0,0.19444444444444445
shared,official:Qwen3.5-4B,12,0.6111111111111112,0.6041666666666666,deepseek-ai/DeepSeek-R1-0528-Qwen3-8B,last,7.0,0.19444444444444445
shared,official:Skywork-OR1-Math-7B,3,1.0,1.0,deepseek-ai/DeepSeek-R1-0528-Qwen3-8B,last,7.0,0.19444444444444445
shared,augmented,137,0.6715328467153284,0.5805830583058307,deepseek-ai/DeepSeek-R1-0528-Qwen3-8B,last,8.0,0.2222222222222222
shared,official,34,0.5588235294117647,0.561111111111111,deepseek-ai/DeepSeek-R1-0528-Qwen3-8B,last,8.0,0.2222222222222222
shared,official:DeepSeek-R1-0528-Qwen3-8B,10,0.5666666666666667,0.5952380952380952,deepseek-ai/DeepSeek-R1-0528-Qwen3-8B,last,8.0,0.2222222222222222
shared,official:Olmo-3-7B-Think,9,0.4074074074074074,0.38095238095238093,deepseek-ai/DeepSeek-R1-0528-Qwen3-8B,last,8.0,0.2222222222222222
shared,official:Qwen3.5-4B,12,0.5833333333333334,0.5833333333333334,deepseek-ai/DeepSeek-R1-0528-Qwen3-8B,last,8.0,0.2222222222222222
shared,official:Skywork-OR1-Math-7B,3,0.8888888888888888,0.8333333333333334,deepseek-ai/DeepSeek-R1-0528-Qwen3-8B,last,8.0,0.2222222222222222
shared,augmented,137,0.6472019464720195,0.5462046204620462,deepseek-ai/DeepSeek-R1-0528-Qwen3-8B,last,9.0,0.25
shared,official,34,0.5686274509803922,0.5875,deepseek-ai/DeepSeek-R1-0528-Qwen3-8B,last,9.0,0.25
shared,official:DeepSeek-R1-0528-Qwen3-8B,10,0.5666666666666667,0.5952380952380952,deepseek-ai/DeepSeek-R1-0528-Qwen3-8B,last,9.0,0.25
shared,official:Olmo-3-7B-Think,9,0.48148148148148145,0.48809523809523814,deepseek-ai/DeepSeek-R1-0528-Qwen3-8B,last,9.0,0.25
shared,official:Qwen3.5-4B,12,0.5277777777777778,0.5416666666666666,deepseek-ai/DeepSeek-R1-0528-Qwen3-8B,last,9.0,0.25
shared,official:Skywork-OR1-Math-7B,3,1.0,1.0,deepseek-ai/DeepSeek-R1-0528-Qwen3-8B,last,9.0,0.25
shared,augmented,137,0.6301703163017032,0.5197561422808948,deepseek-ai/DeepSeek-R1-0528-Qwen3-8B,last,10.0,0.2777777777777778
shared,official,34,0.5588235294117647,0.5708333333333333,deepseek-ai/DeepSeek-R1-0528-Qwen3-8B,last,10.0,0.2777777777777778
shared,official:DeepSeek-R1-0528-Qwen3-8B,10,0.6666666666666666,0.7301587301587302,deepseek-ai/DeepSeek-R1-0528-Qwen3-8B,last,10.0,0.2777777777777778
shared,official:Olmo-3-7B-Think,9,0.4074074074074074,0.38095238095238093,deepseek-ai/DeepSeek-R1-0528-Qwen3-8B,last,10.0,0.2777777777777778
shared,official:Qwen3.5-4B,12,0.5,0.5,deepseek-ai/DeepSeek-R1-0528-Qwen3-8B,last,10.0,0.2777777777777778
shared,official:Skywork-OR1-Math-7B,3,0.8888888888888888,0.8333333333333334,deepseek-ai/DeepSeek-R1-0528-Qwen3-8B,last,10.0,0.2777777777777778
shared,augmented,137,0.6520681265206812,0.5465254858819215,deepseek-ai/DeepSeek-R1-0528-Qwen3-8B,last,11.0,0.3055555555555556
shared,official,34,0.5294117647058824,0.5013888888888888,deepseek-ai/DeepSeek-R1-0528-Qwen3-8B,last,11.0,0.3055555555555556
shared,official:DeepSeek-R1-0528-Qwen3-8B,10,0.5666666666666667,0.626984126984127,deepseek-ai/DeepSeek-R1-0528-Qwen3-8B,last,11.0,0.3055555555555556
shared,official:Olmo-3-7B-Think,9,0.4444444444444444,0.3452380952380952,deepseek-ai/DeepSeek-R1-0528-Qwen3-8B,last,11.0,0.3055555555555556
shared,official:Qwen3.5-4B,12,0.5,0.4583333333333333,deepseek-ai/DeepSeek-R1-0528-Qwen3-8B,last,11.0,0.3055555555555556
shared,official:Skywork-OR1-Math-7B,3,0.7777777777777777,0.6666666666666666,deepseek-ai/DeepSeek-R1-0528-Qwen3-8B,last,11.0,0.3055555555555556
shared,augmented,137,0.6520681265206812,0.5465254858819216,deepseek-ai/DeepSeek-R1-0528-Qwen3-8B,last,12.0,0.3333333333333333
shared,official,34,0.5588235294117647,0.5125000000000001,deepseek-ai/DeepSeek-R1-0528-Qwen3-8B,last,12.0,0.3333333333333333
shared,official:DeepSeek-R1-0528-Qwen3-8B,10,0.5333333333333333,0.5396825396825397,deepseek-ai/DeepSeek-R1-0528-Qwen3-8B,last,12.0,0.3333333333333333
shared,official:Olmo-3-7B-Think,9,0.5185185185185185,0.39285714285714285,deepseek-ai/DeepSeek-R1-0528-Qwen3-8B,last,12.0,0.3333333333333333
shared,official:Qwen3.5-4B,12,0.5555555555555556,0.5208333333333334,deepseek-ai/DeepSeek-R1-0528-Qwen3-8B,last,12.0,0.3333333333333333
shared,official:Skywork-OR1-Math-7B,3,0.7777777777777777,0.6666666666666666,deepseek-ai/DeepSeek-R1-0528-Qwen3-8B,last,12.0,0.3333333333333333
shared,augmented,137,0.6423357664233577,0.525027502750275,deepseek-ai/DeepSeek-R1-0528-Qwen3-8B,last,13.0,0.3611111111111111
shared,official,34,0.6274509803921569,0.5902777777777778,deepseek-ai/DeepSeek-R1-0528-Qwen3-8B,last,13.0,0.3611111111111111
shared,official:DeepSeek-R1-0528-Qwen3-8B,10,0.6333333333333333,0.6428571428571429,deepseek-ai/DeepSeek-R1-0528-Qwen3-8B,last,13.0,0.3611111111111111
shared,official:Olmo-3-7B-Think,9,0.5185185185185185,0.39285714285714285,deepseek-ai/DeepSeek-R1-0528-Qwen3-8B,last,13.0,0.3611111111111111
shared,official:Qwen3.5-4B,12,0.6666666666666666,0.6458333333333334,deepseek-ai/DeepSeek-R1-0528-Qwen3-8B,last,13.0,0.3611111111111111
shared,official:Skywork-OR1-Math-7B,3,0.7777777777777777,0.6666666666666666,deepseek-ai/DeepSeek-R1-0528-Qwen3-8B,last,13.0,0.3611111111111111
shared,augmented,137,0.656934306569343,0.5557847451411808,deepseek-ai/DeepSeek-R1-0528-Qwen3-8B,last,14.0,0.3888888888888889
shared,official,34,0.5980392156862745,0.5499999999999999,deepseek-ai/DeepSeek-R1-0528-Qwen3-8B,last,14.0,0.3888888888888889
shared,official:DeepSeek-R1-0528-Qwen3-8B,10,0.5333333333333333,0.5079365079365079,deepseek-ai/DeepSeek-R1-0528-Qwen3-8B,last,14.0,0.3888888888888889
shared,official:Olmo-3-7B-Think,9,0.5185185185185185,0.39285714285714285,deepseek-ai/DeepSeek-R1-0528-Qwen3-8B,last,14.0,0.3888888888888889
shared,official:Qwen3.5-4B,12,0.6666666666666666,0.6458333333333334,deepseek-ai/DeepSeek-R1-0528-Qwen3-8B,last,14.0,0.3888888888888889
shared,official:Skywork-OR1-Math-7B,3,0.7777777777777777,0.6666666666666666,deepseek-ai/DeepSeek-R1-0528-Qwen3-8B,last,14.0,0.3888888888888889
shared,augmented,137,0.6618004866180048,0.5590850751741842,deepseek-ai/DeepSeek-R1-0528-Qwen3-8B,last,15.0,0.4166666666666667
shared,official,34,0.676470588235294,0.6541666666666667,deepseek-ai/DeepSeek-R1-0528-Qwen3-8B,last,15.0,0.4166666666666667
shared,official:DeepSeek-R1-0528-Qwen3-8B,10,0.6666666666666666,0.6666666666666666,deepseek-ai/DeepSeek-R1-0528-Qwen3-8B,last,15.0,0.4166666666666667
shared,official:Olmo-3-7B-Think,9,0.5925925925925926,0.5,deepseek-ai/DeepSeek-R1-0528-Qwen3-8B,last,15.0,0.4166666666666667
shared,official:Qwen3.5-4B,12,0.7222222222222223,0.7083333333333334,deepseek-ai/DeepSeek-R1-0528-Qwen3-8B,last,15.0,0.4166666666666667
shared,official:Skywork-OR1-Math-7B,3,0.7777777777777777,0.75,deepseek-ai/DeepSeek-R1-0528-Qwen3-8B,last,15.0,0.4166666666666667
shared,augmented,137,0.6423357664233577,0.5339658965896589,deepseek-ai/DeepSeek-R1-0528-Qwen3-8B,last,16.0,0.4444444444444444
shared,official,34,0.6470588235294118,0.6333333333333333,deepseek-ai/DeepSeek-R1-0528-Qwen3-8B,last,16.0,0.4444444444444444
shared,official:DeepSeek-R1-0528-Qwen3-8B,10,0.6333333333333333,0.6428571428571429,deepseek-ai/DeepSeek-R1-0528-Qwen3-8B,last,16.0,0.4444444444444444
shared,official:Olmo-3-7B-Think,9,0.5925925925925926,0.5,deepseek-ai/DeepSeek-R1-0528-Qwen3-8B,last,16.0,0.4444444444444444
shared,official:Qwen3.5-4B,12,0.6666666666666666,0.6666666666666666,deepseek-ai/DeepSeek-R1-0528-Qwen3-8B,last,16.0,0.4444444444444444
shared,official:Skywork-OR1-Math-7B,3,0.7777777777777777,0.75,deepseek-ai/DeepSeek-R1-0528-Qwen3-8B,last,16.0,0.4444444444444444
shared,augmented,137,0.6642335766423357,0.5577557755775578,deepseek-ai/DeepSeek-R1-0528-Qwen3-8B,last,17.0,0.4722222222222222
shared,official,34,0.7058823529411765,0.6749999999999999,deepseek-ai/DeepSeek-R1-0528-Qwen3-8B,last,17.0,0.4722222222222222
shared,official:DeepSeek-R1-0528-Qwen3-8B,10,0.7000000000000001,0.6904761904761904,deepseek-ai/DeepSeek-R1-0528-Qwen3-8B,last,17.0,0.4722222222222222
shared,official:Olmo-3-7B-Think,9,0.5555555555555555,0.4166666666666667,deepseek-ai/DeepSeek-R1-0528-Qwen3-8B,last,17.0,0.4722222222222222
shared,official:Qwen3.5-4B,12,0.8055555555555555,0.7916666666666666,deepseek-ai/DeepSeek-R1-0528-Qwen3-8B,last,17.0,0.4722222222222222
shared,official:Skywork-OR1-Math-7B,3,0.7777777777777777,0.75,deepseek-ai/DeepSeek-R1-0528-Qwen3-8B,last,17.0,0.4722222222222222
shared,augmented,137,0.6545012165450121,0.5481756508984232,deepseek-ai/DeepSeek-R1-0528-Qwen3-8B,last,18.0,0.5
shared,official,34,0.607843137254902,0.5569444444444445,deepseek-ai/DeepSeek-R1-0528-Qwen3-8B,last,18.0,0.5
shared,official:DeepSeek-R1-0528-Qwen3-8B,10,0.5666666666666667,0.5634920634920635,deepseek-ai/DeepSeek-R1-0528-Qwen3-8B,last,18.0,0.5
shared,official:Olmo-3-7B-Think,9,0.5925925925925926,0.44047619047619047,deepseek-ai/DeepSeek-R1-0528-Qwen3-8B,last,18.0,0.5
shared,official:Qwen3.5-4B,12,0.6388888888888888,0.6041666666666666,deepseek-ai/DeepSeek-R1-0528-Qwen3-8B,last,18.0,0.5
shared,official:Skywork-OR1-Math-7B,3,0.6666666666666666,0.5833333333333334,deepseek-ai/DeepSeek-R1-0528-Qwen3-8B,last,18.0,0.5
shared,augmented,137,0.656934306569343,0.543866886688669,deepseek-ai/DeepSeek-R1-0528-Qwen3-8B,last,19.0,0.5277777777777778
shared,official,34,0.6274509803921569,0.6680555555555555,deepseek-ai/DeepSeek-R1-0528-Qwen3-8B,last,19.0,0.5277777777777778
shared,official:DeepSeek-R1-0528-Qwen3-8B,10,0.6,0.6825396825396824,deepseek-ai/DeepSeek-R1-0528-Qwen3-8B,last,19.0,0.5277777777777778
shared,official:Olmo-3-7B-Think,9,0.5185185185185185,0.5119047619047619,deepseek-ai/DeepSeek-R1-0528-Qwen3-8B,last,19.0,0.5277777777777778
shared,official:Qwen3.5-4B,12,0.6666666666666666,0.6875,deepseek-ai/DeepSeek-R1-0528-Qwen3-8B,last,19.0,0.5277777777777778
shared,official:Skywork-OR1-Math-7B,3,0.8888888888888888,0.9166666666666666,deepseek-ai/DeepSeek-R1-0528-Qwen3-8B,last,19.0,0.5277777777777778
shared,augmented,137,0.6690997566909975,0.5580766409974331,deepseek-ai/DeepSeek-R1-0528-Qwen3-8B,last,20.0,0.5555555555555556
shared,official,34,0.676470588235294,0.7027777777777778,deepseek-ai/DeepSeek-R1-0528-Qwen3-8B,last,20.0,0.5555555555555556
shared,official:DeepSeek-R1-0528-Qwen3-8B,10,0.7000000000000001,0.7857142857142857,deepseek-ai/DeepSeek-R1-0528-Qwen3-8B,last,20.0,0.5555555555555556
shared,official:Olmo-3-7B-Think,9,0.5555555555555555,0.5357142857142857,deepseek-ai/DeepSeek-R1-0528-Qwen3-8B,last,20.0,0.5555555555555556
shared,official:Qwen3.5-4B,12,0.6944444444444445,0.6875,deepseek-ai/DeepSeek-R1-0528-Qwen3-8B,last,20.0,0.5555555555555556
shared,official:Skywork-OR1-Math-7B,3,0.8888888888888888,0.9166666666666666,deepseek-ai/DeepSeek-R1-0528-Qwen3-8B,last,20.0,0.5555555555555556
shared,augmented,137,0.6666666666666666,0.5474880821415474,deepseek-ai/DeepSeek-R1-0528-Qwen3-8B,last,21.0,0.5833333333333334
shared,official,34,0.6274509803921569,0.6291666666666668,deepseek-ai/DeepSeek-R1-0528-Qwen3-8B,last,21.0,0.5833333333333334
shared,official:DeepSeek-R1-0528-Qwen3-8B,10,0.6,0.6190476190476191,deepseek-ai/DeepSeek-R1-0528-Qwen3-8B,last,21.0,0.5833333333333334
shared,official:Olmo-3-7B-Think,9,0.5185185185185185,0.4523809523809524,deepseek-ai/DeepSeek-R1-0528-Qwen3-8B,last,21.0,0.5833333333333334
shared,official:Qwen3.5-4B,12,0.6944444444444445,0.7083333333333334,deepseek-ai/DeepSeek-R1-0528-Qwen3-8B,last,21.0,0.5833333333333334
shared,official:Skywork-OR1-Math-7B,3,0.7777777777777778,0.75,deepseek-ai/DeepSeek-R1-0528-Qwen3-8B,last,21.0,0.5833333333333334
shared,augmented,137,0.6690997566909975,0.5580766409974331,deepseek-ai/DeepSeek-R1-0528-Qwen3-8B,last,22.0,0.6111111111111112
shared,official,34,0.6274509803921569,0.6583333333333333,deepseek-ai/DeepSeek-R1-0528-Qwen3-8B,last,22.0,0.6111111111111112
shared,official:DeepSeek-R1-0528-Qwen3-8B,10,0.6333333333333333,0.6746031746031745,deepseek-ai/DeepSeek-R1-0528-Qwen3-8B,last,22.0,0.6111111111111112
shared,official:Olmo-3-7B-Think,9,0.4444444444444444,0.46428571428571425,deepseek-ai/DeepSeek-R1-0528-Qwen3-8B,last,22.0,0.6111111111111112
shared,official:Qwen3.5-4B,12,0.6944444444444443,0.7083333333333334,deepseek-ai/DeepSeek-R1-0528-Qwen3-8B,last,22.0,0.6111111111111112
shared,official:Skywork-OR1-Math-7B,3,0.8888888888888888,0.9166666666666666,deepseek-ai/DeepSeek-R1-0528-Qwen3-8B,last,22.0,0.6111111111111112
shared,augmented,137,0.6642335766423357,0.5517968463513018,deepseek-ai/DeepSeek-R1-0528-Qwen3-8B,last,23.0,0.6388888888888888
shared,official,34,0.5980392156862745,0.5986111111111111,deepseek-ai/DeepSeek-R1-0528-Qwen3-8B,last,23.0,0.6388888888888888
shared,official:DeepSeek-R1-0528-Qwen3-8B,10,0.6333333333333333,0.6746031746031745,deepseek-ai/DeepSeek-R1-0528-Qwen3-8B,last,23.0,0.6388888888888888
shared,official:Olmo-3-7B-Think,9,0.40740740740740744,0.32142857142857145,deepseek-ai/DeepSeek-R1-0528-Qwen3-8B,last,23.0,0.6388888888888888
shared,official:Qwen3.5-4B,12,0.6944444444444445,0.7083333333333334,deepseek-ai/DeepSeek-R1-0528-Qwen3-8B,last,23.0,0.6388888888888888
shared,official:Skywork-OR1-Math-7B,3,0.6666666666666666,0.5833333333333334,deepseek-ai/DeepSeek-R1-0528-Qwen3-8B,last,23.0,0.6388888888888888
shared,augmented,137,0.6788321167883211,0.5855335533553355,deepseek-ai/DeepSeek-R1-0528-Qwen3-8B,last,24.0,0.6666666666666666
shared,official,34,0.5686274509803922,0.6166666666666667,deepseek-ai/DeepSeek-R1-0528-Qwen3-8B,last,24.0,0.6666666666666666
shared,official:DeepSeek-R1-0528-Qwen3-8B,10,0.6,0.6825396825396824,deepseek-ai/DeepSeek-R1-0528-Qwen3-8B,last,24.0,0.6666666666666666
shared,official:Olmo-3-7B-Think,9,0.40740740740740744,0.38095238095238093,deepseek-ai/DeepSeek-R1-0528-Qwen3-8B,last,24.0,0.6666666666666666
shared,official:Qwen3.5-4B,12,0.6666666666666666,0.7083333333333334,deepseek-ai/DeepSeek-R1-0528-Qwen3-8B,last,24.0,0.6666666666666666
shared,official:Skywork-OR1-Math-7B,3,0.5555555555555555,0.5833333333333334,deepseek-ai/DeepSeek-R1-0528-Qwen3-8B,last,24.0,0.6666666666666666
shared,augmented,137,0.6909975669099757,0.6057022368903557,deepseek-ai/DeepSeek-R1-0528-Qwen3-8B,last,25.0,0.6944444444444444
shared,official,34,0.6274509803921569,0.6680555555555555,deepseek-ai/DeepSeek-R1-0528-Qwen3-8B,last,25.0,0.6944444444444444
shared,official:DeepSeek-R1-0528-Qwen3-8B,10,0.6,0.6507936507936508,deepseek-ai/DeepSeek-R1-0528-Qwen3-8B,last,25.0,0.6944444444444444
shared,official:Olmo-3-7B-Think,9,0.48148148148148145,0.48809523809523814,deepseek-ai/DeepSeek-R1-0528-Qwen3-8B,last,25.0,0.6944444444444444
shared,official:Qwen3.5-4B,12,0.6944444444444443,0.7291666666666666,deepseek-ai/DeepSeek-R1-0528-Qwen3-8B,last,25.0,0.6944444444444444
shared,official:Skywork-OR1-Math-7B,3,0.8888888888888888,0.9166666666666666,deepseek-ai/DeepSeek-R1-0528-Qwen3-8B,last,25.0,0.6944444444444444
shared,augmented,137,0.6788321167883211,0.5914924825815915,deepseek-ai/DeepSeek-R1-0528-Qwen3-8B,last,26.0,0.7222222222222222
shared,official,34,0.6274509803921569,0.6583333333333333,deepseek-ai/DeepSeek-R1-0528-Qwen3-8B,last,26.0,0.7222222222222222
shared,official:DeepSeek-R1-0528-Qwen3-8B,10,0.6333333333333333,0.6746031746031745,deepseek-ai/DeepSeek-R1-0528-Qwen3-8B,last,26.0,0.7222222222222222
shared,official:Olmo-3-7B-Think,9,0.5185185185185185,0.5119047619047619,deepseek-ai/DeepSeek-R1-0528-Qwen3-8B,last,26.0,0.7222222222222222
shared,official:Qwen3.5-4B,12,0.6944444444444443,0.7083333333333334,deepseek-ai/DeepSeek-R1-0528-Qwen3-8B,last,26.0,0.7222222222222222
shared,official:Skywork-OR1-Math-7B,3,0.6666666666666666,0.75,deepseek-ai/DeepSeek-R1-0528-Qwen3-8B,last,26.0,0.7222222222222222
shared,augmented,137,0.683698296836983,0.5918133480014668,deepseek-ai/DeepSeek-R1-0528-Qwen3-8B,last,27.0,0.75
shared,official,34,0.7058823529411765,0.7041666666666666,deepseek-ai/DeepSeek-R1-0528-Qwen3-8B,last,27.0,0.75
shared,official:DeepSeek-R1-0528-Qwen3-8B,10,0.7000000000000001,0.6904761904761906,deepseek-ai/DeepSeek-R1-0528-Qwen3-8B,last,27.0,0.75
shared,official:Olmo-3-7B-Think,9,0.6296296296296297,0.5833333333333334,deepseek-ai/DeepSeek-R1-0528-Qwen3-8B,last,27.0,0.75
shared,official:Qwen3.5-4B,12,0.75,0.75,deepseek-ai/DeepSeek-R1-0528-Qwen3-8B,last,27.0,0.75
shared,official:Skywork-OR1-Math-7B,3,0.7777777777777777,0.8333333333333334,deepseek-ai/DeepSeek-R1-0528-Qwen3-8B,last,27.0,0.75
shared,augmented,137,0.6666666666666666,0.5713237990465713,deepseek-ai/DeepSeek-R1-0528-Qwen3-8B,last,28.0,0.7777777777777778
shared,official,34,0.7647058823529411,0.7555555555555555,deepseek-ai/DeepSeek-R1-0528-Qwen3-8B,last,28.0,0.7777777777777778
shared,official:DeepSeek-R1-0528-Qwen3-8B,10,0.8000000000000002,0.7936507936507936,deepseek-ai/DeepSeek-R1-0528-Qwen3-8B,last,28.0,0.7777777777777778
shared,official:Olmo-3-7B-Think,9,0.7037037037037037,0.6309523809523809,deepseek-ai/DeepSeek-R1-0528-Qwen3-8B,last,28.0,0.7777777777777778
shared,official:Qwen3.5-4B,12,0.7777777777777778,0.7708333333333334,deepseek-ai/DeepSeek-R1-0528-Qwen3-8B,last,28.0,0.7777777777777778
shared,official:Skywork-OR1-Math-7B,3,0.7777777777777777,0.8333333333333334,deepseek-ai/DeepSeek-R1-0528-Qwen3-8B,last,28.0,0.7777777777777778
shared,augmented,137,0.6763990267639902,0.5838833883388339,deepseek-ai/DeepSeek-R1-0528-Qwen3-8B,last,29.0,0.8055555555555556
shared,official,34,0.7058823529411765,0.6944444444444443,deepseek-ai/DeepSeek-R1-0528-Qwen3-8B,last,29.0,0.8055555555555556
shared,official:DeepSeek-R1-0528-Qwen3-8B,10,0.6999999999999998,0.6587301587301587,deepseek-ai/DeepSeek-R1-0528-Qwen3-8B,last,29.0,0.8055555555555556
shared,official:Olmo-3-7B-Think,9,0.6296296296296297,0.5833333333333334,deepseek-ai/DeepSeek-R1-0528-Qwen3-8B,last,29.0,0.8055555555555556
shared,official:Qwen3.5-4B,12,0.7777777777777778,0.7708333333333334,deepseek-ai/DeepSeek-R1-0528-Qwen3-8B,last,29.0,0.8055555555555556
shared,official:Skywork-OR1-Math-7B,3,0.6666666666666666,0.75,deepseek-ai/DeepSeek-R1-0528-Qwen3-8B,last,29.0,0.8055555555555556
shared,augmented,137,0.6618004866180048,0.568023469013568,deepseek-ai/DeepSeek-R1-0528-Qwen3-8B,last,30.0,0.8333333333333334
shared,official,34,0.6470588235294118,0.6527777777777778,deepseek-ai/DeepSeek-R1-0528-Qwen3-8B,last,30.0,0.8333333333333334
shared,official:DeepSeek-R1-0528-Qwen3-8B,10,0.6333333333333333,0.5793650793650794,deepseek-ai/DeepSeek-R1-0528-Qwen3-8B,last,30.0,0.8333333333333334
shared,official:Olmo-3-7B-Think,9,0.5555555555555555,0.5357142857142857,deepseek-ai/DeepSeek-R1-0528-Qwen3-8B,last,30.0,0.8333333333333334
shared,official:Qwen3.5-4B,12,0.7222222222222222,0.75,deepseek-ai/DeepSeek-R1-0528-Qwen3-8B,last,30.0,0.8333333333333334
shared,official:Skywork-OR1-Math-7B,3,0.6666666666666666,0.75,deepseek-ai/DeepSeek-R1-0528-Qwen3-8B,last,30.0,0.8333333333333334
shared,augmented,137,0.6715328467153285,0.5805830583058306,deepseek-ai/DeepSeek-R1-0528-Qwen3-8B,last,31.0,0.8611111111111112
shared,official,34,0.7058823529411765,0.6944444444444445,deepseek-ai/DeepSeek-R1-0528-Qwen3-8B,last,31.0,0.8611111111111112
shared,official:DeepSeek-R1-0528-Qwen3-8B,10,0.7000000000000001,0.626984126984127,deepseek-ai/DeepSeek-R1-0528-Qwen3-8B,last,31.0,0.8611111111111112
shared,official:Olmo-3-7B-Think,9,0.6296296296296297,0.5833333333333334,deepseek-ai/DeepSeek-R1-0528-Qwen3-8B,last,31.0,0.8611111111111112
shared,official:Qwen3.5-4B,12,0.7777777777777777,0.7916666666666666,deepseek-ai/DeepSeek-R1-0528-Qwen3-8B,last,31.0,0.8611111111111112
shared,official:Skywork-OR1-Math-7B,3,0.6666666666666666,0.75,deepseek-ai/DeepSeek-R1-0528-Qwen3-8B,last,31.0,0.8611111111111112
shared,augmented,137,0.6763990267639902,0.5898423175650899,deepseek-ai/DeepSeek-R1-0528-Qwen3-8B,last,32.0,0.8888888888888888
shared,official,34,0.7058823529411765,0.6944444444444445,deepseek-ai/DeepSeek-R1-0528-Qwen3-8B,last,32.0,0.8888888888888888
shared,official:DeepSeek-R1-0528-Qwen3-8B,10,0.7000000000000001,0.626984126984127,deepseek-ai/DeepSeek-R1-0528-Qwen3-8B,last,32.0,0.8888888888888888
shared,official:Olmo-3-7B-Think,9,0.6296296296296297,0.5833333333333334,deepseek-ai/DeepSeek-R1-0528-Qwen3-8B,last,32.0,0.8888888888888888
shared,official:Qwen3.5-4B,12,0.7777777777777777,0.7916666666666666,deepseek-ai/DeepSeek-R1-0528-Qwen3-8B,last,32.0,0.8888888888888888
shared,official:Skywork-OR1-Math-7B,3,0.6666666666666666,0.75,deepseek-ai/DeepSeek-R1-0528-Qwen3-8B,last,32.0,0.8888888888888888
shared,augmented,137,0.6812652068126521,0.5782453245324533,deepseek-ai/DeepSeek-R1-0528-Qwen3-8B,last,33.0,0.9166666666666666
shared,official,34,0.7352941176470589,0.7152777777777778,deepseek-ai/DeepSeek-R1-0528-Qwen3-8B,last,33.0,0.9166666666666666
shared,official:DeepSeek-R1-0528-Qwen3-8B,10,0.7333333333333334,0.6507936507936508,deepseek-ai/DeepSeek-R1-0528-Qwen3-8B,last,33.0,0.9166666666666666
shared,official:Olmo-3-7B-Think,9,0.6666666666666666,0.6071428571428572,deepseek-ai/DeepSeek-R1-0528-Qwen3-8B,last,33.0,0.9166666666666666
shared,official:Qwen3.5-4B,12,0.8055555555555555,0.8125,deepseek-ai/DeepSeek-R1-0528-Qwen3-8B,last,33.0,0.9166666666666666
shared,official:Skywork-OR1-Math-7B,3,0.6666666666666666,0.75,deepseek-ai/DeepSeek-R1-0528-Qwen3-8B,last,33.0,0.9166666666666666
shared,augmented,137,0.6812652068126521,0.5901631829849652,deepseek-ai/DeepSeek-R1-0528-Qwen3-8B,last,34.0,0.9444444444444444
shared,official,34,0.7745098039215685,0.7527777777777778,deepseek-ai/DeepSeek-R1-0528-Qwen3-8B,last,34.0,0.9444444444444444
shared,official:DeepSeek-R1-0528-Qwen3-8B,10,0.7666666666666666,0.6746031746031745,deepseek-ai/DeepSeek-R1-0528-Qwen3-8B,last,34.0,0.9444444444444444
shared,official:Olmo-3-7B-Think,9,0.7407407407407408,0.6547619047619048,deepseek-ai/DeepSeek-R1-0528-Qwen3-8B,last,34.0,0.9444444444444444
shared,official:Qwen3.5-4B,12,0.861111111111111,0.875,deepseek-ai/DeepSeek-R1-0528-Qwen3-8B,last,34.0,0.9444444444444444
shared,official:Skywork-OR1-Math-7B,3,0.5555555555555555,0.6666666666666666,deepseek-ai/DeepSeek-R1-0528-Qwen3-8B,last,34.0,0.9444444444444444
shared,augmented,137,0.6788321167883211,0.5885130179684636,deepseek-ai/DeepSeek-R1-0528-Qwen3-8B,last,35.0,0.9722222222222222
shared,official,34,0.7941176470588235,0.7763888888888889,deepseek-ai/DeepSeek-R1-0528-Qwen3-8B,last,35.0,0.9722222222222222
shared,official:DeepSeek-R1-0528-Qwen3-8B,10,0.8333333333333334,0.753968253968254,deepseek-ai/DeepSeek-R1-0528-Qwen3-8B,last,35.0,0.9722222222222222
shared,official:Olmo-3-7B-Think,9,0.7407407407407408,0.6547619047619048,deepseek-ai/DeepSeek-R1-0528-Qwen3-8B,last,35.0,0.9722222222222222
shared,official:Qwen3.5-4B,12,0.8888888888888888,0.8958333333333334,deepseek-ai/DeepSeek-R1-0528-Qwen3-8B,last,35.0,0.9722222222222222
shared,official:Skywork-OR1-Math-7B,3,0.4444444444444444,0.5833333333333334,deepseek-ai/DeepSeek-R1-0528-Qwen3-8B,last,35.0,0.9722222222222222
shared,augmented,137,0.7031630170316302,0.6199119911991199,deepseek-ai/DeepSeek-R1-0528-Qwen3-8B,last,36.0,1.0
shared,official,34,0.7647058823529411,0.7458333333333332,deepseek-ai/DeepSeek-R1-0528-Qwen3-8B,last,36.0,1.0
shared,official:DeepSeek-R1-0528-Qwen3-8B,10,0.7999999999999999,0.7301587301587301,deepseek-ai/DeepSeek-R1-0528-Qwen3-8B,last,36.0,1.0
shared,official:Olmo-3-7B-Think,9,0.7407407407407408,0.6547619047619048,deepseek-ai/DeepSeek-R1-0528-Qwen3-8B,last,36.0,1.0
shared,official:Qwen3.5-4B,12,0.8055555555555557,0.8125,deepseek-ai/DeepSeek-R1-0528-Qwen3-8B,last,36.0,1.0
shared,official:Skywork-OR1-Math-7B,3,0.5555555555555555,0.6666666666666666,deepseek-ai/DeepSeek-R1-0528-Qwen3-8B,last,36.0,1.0
self,augmented,137,0.26277372262773724,0.5,deepseek-ai/DeepSeek-R1-0528-Qwen3-8B,last,0.0,0.0
self,official,10,0.6999999999999998,0.5,deepseek-ai/DeepSeek-R1-0528-Qwen3-8B,last,0.0,0.0
self,official:DeepSeek-R1-0528-Qwen3-8B,10,0.6999999999999998,0.5,deepseek-ai/DeepSeek-R1-0528-Qwen3-8B,last,0.0,0.0
self,augmented,137,0.656934306569343,0.5498258159149249,deepseek-ai/DeepSeek-R1-0528-Qwen3-8B,last,1.0,0.027777777777777776
self,official,10,0.3333333333333333,0.3650793650793651,deepseek-ai/DeepSeek-R1-0528-Qwen3-8B,last,1.0,0.027777777777777776
self,official:DeepSeek-R1-0528-Qwen3-8B,10,0.3333333333333333,0.3650793650793651,deepseek-ai/DeepSeek-R1-0528-Qwen3-8B,last,1.0,0.027777777777777776
self,augmented,137,0.6131386861313869,0.49926659332599926,deepseek-ai/DeepSeek-R1-0528-Qwen3-8B,last,2.0,0.05555555555555555
self,official,10,0.43333333333333335,0.5,deepseek-ai/DeepSeek-R1-0528-Qwen3-8B,last,2.0,0.05555555555555555
self,official:DeepSeek-R1-0528-Qwen3-8B,10,0.43333333333333335,0.5,deepseek-ai/DeepSeek-R1-0528-Qwen3-8B,last,2.0,0.05555555555555555
self,augmented,137,0.6447688564476886,0.5356160616061606,deepseek-ai/DeepSeek-R1-0528-Qwen3-8B,last,3.0,0.08333333333333333
self,official,10,0.3666666666666667,0.35714285714285715,deepseek-ai/DeepSeek-R1-0528-Qwen3-8B,last,3.0,0.08333333333333333
self,official:DeepSeek-R1-0528-Qwen3-8B,10,0.3666666666666667,0.35714285714285715,deepseek-ai/DeepSeek-R1-0528-Qwen3-8B,last,3.0,0.08333333333333333
self,augmented,137,0.6423357664233577,0.5488632196552988,deepseek-ai/DeepSeek-R1-0528-Qwen3-8B,last,4.0,0.1111111111111111
self,official,10,0.5333333333333333,0.5396825396825397,deepseek-ai/DeepSeek-R1-0528-Qwen3-8B,last,4.0,0.1111111111111111
self,official:DeepSeek-R1-0528-Qwen3-8B,10,0.5333333333333333,0.5396825396825397,deepseek-ai/DeepSeek-R1-0528-Qwen3-8B,last,4.0,0.1111111111111111
self,augmented,137,0.6399026763990268,0.5531719838650532,deepseek-ai/DeepSeek-R1-0528-Qwen3-8B,last,5.0,0.1388888888888889
self,official,10,0.3,0.373015873015873,deepseek-ai/DeepSeek-R1-0528-Qwen3-8B,last,5.0,0.1388888888888889
self,official:DeepSeek-R1-0528-Qwen3-8B,10,0.3,0.373015873015873,deepseek-ai/DeepSeek-R1-0528-Qwen3-8B,last,5.0,0.1388888888888889
self,augmented,137,0.6545012165450123,0.560093509350935,deepseek-ai/DeepSeek-R1-0528-Qwen3-8B,last,6.0,0.16666666666666666
self,official,10,0.43333333333333335,0.4047619047619048,deepseek-ai/DeepSeek-R1-0528-Qwen3-8B,last,6.0,0.16666666666666666
self,official:DeepSeek-R1-0528-Qwen3-8B,10,0.43333333333333335,0.4047619047619048,deepseek-ai/DeepSeek-R1-0528-Qwen3-8B,last,6.0,0.16666666666666666
self,augmented,137,0.6472019464720195,0.5581224789145581,deepseek-ai/DeepSeek-R1-0528-Qwen3-8B,last,7.0,0.19444444444444445
self,official,10,0.6666666666666666,0.6984126984126985,deepseek-ai/DeepSeek-R1-0528-Qwen3-8B,last,7.0,0.19444444444444445
self,official:DeepSeek-R1-0528-Qwen3-8B,10,0.6666666666666666,0.6984126984126985,deepseek-ai/DeepSeek-R1-0528-Qwen3-8B,last,7.0,0.19444444444444445
self,augmented,137,0.6763990267639902,0.5868628529519618,deepseek-ai/DeepSeek-R1-0528-Qwen3-8B,last,8.0,0.2222222222222222
self,official,10,0.7000000000000001,0.7222222222222223,deepseek-ai/DeepSeek-R1-0528-Qwen3-8B,last,8.0,0.2222222222222222
self,official:DeepSeek-R1-0528-Qwen3-8B,10,0.7000000000000001,0.7222222222222223,deepseek-ai/DeepSeek-R1-0528-Qwen3-8B,last,8.0,0.2222222222222222
self,augmented,137,0.6447688564476886,0.5534928492849285,deepseek-ai/DeepSeek-R1-0528-Qwen3-8B,last,9.0,0.25
self,official,10,0.7000000000000001,0.6904761904761906,deepseek-ai/DeepSeek-R1-0528-Qwen3-8B,last,9.0,0.25
self,official:DeepSeek-R1-0528-Qwen3-8B,10,0.7000000000000001,0.6904761904761906,deepseek-ai/DeepSeek-R1-0528-Qwen3-8B,last,9.0,0.25
self,augmented,137,0.6301703163017032,0.5227356068940228,deepseek-ai/DeepSeek-R1-0528-Qwen3-8B,last,10.0,0.2777777777777778
self,official,10,0.6666666666666666,0.634920634920635,deepseek-ai/DeepSeek-R1-0528-Qwen3-8B,last,10.0,0.2777777777777778
self,official:DeepSeek-R1-0528-Qwen3-8B,10,0.6666666666666666,0.634920634920635,deepseek-ai/DeepSeek-R1-0528-Qwen3-8B,last,10.0,0.2777777777777778
self,augmented,137,0.6326034063260341,0.5214063072973963,deepseek-ai/DeepSeek-R1-0528-Qwen3-8B,last,11.0,0.3055555555555556
self,official,10,0.6,0.5238095238095238,deepseek-ai/DeepSeek-R1-0528-Qwen3-8B,last,11.0,0.3055555555555556
self,official:DeepSeek-R1-0528-Qwen3-8B,10,0.6,0.5238095238095238,deepseek-ai/DeepSeek-R1-0528-Qwen3-8B,last,11.0,0.3055555555555556
self,augmented,137,0.6520681265206812,0.5465254858819216,deepseek-ai/DeepSeek-R1-0528-Qwen3-8B,last,12.0,0.3333333333333333
self,official,10,0.5666666666666667,0.5,deepseek-ai/DeepSeek-R1-0528-Qwen3-8B,last,12.0,0.3333333333333333
self,official:DeepSeek-R1-0528-Qwen3-8B,10,0.5666666666666667,0.5,deepseek-ai/DeepSeek-R1-0528-Qwen3-8B,last,12.0,0.3333333333333333
self,augmented,137,0.6472019464720195,0.5313072973964063,deepseek-ai/DeepSeek-R1-0528-Qwen3-8B,last,13.0,0.3611111111111111
self,official,10,0.6,0.5555555555555556,deepseek-ai/DeepSeek-R1-0528-Qwen3-8B,last,13.0,0.3611111111111111
self,official:DeepSeek-R1-0528-Qwen3-8B,10,0.6,0.5555555555555556,deepseek-ai/DeepSeek-R1-0528-Qwen3-8B,last,13.0,0.3611111111111111
self,augmented,137,0.6618004866180048,0.5561056105610561,deepseek-ai/DeepSeek-R1-0528-Qwen3-8B,last,14.0,0.3888888888888889
self,official,10,0.6,0.5555555555555555,deepseek-ai/DeepSeek-R1-0528-Qwen3-8B,last,14.0,0.3888888888888889
self,official:DeepSeek-R1-0528-Qwen3-8B,10,0.6,0.5555555555555555,deepseek-ai/DeepSeek-R1-0528-Qwen3-8B,last,14.0,0.3888888888888889
self,augmented,137,0.6472019464720195,0.5372662266226623,deepseek-ai/DeepSeek-R1-0528-Qwen3-8B,last,15.0,0.4166666666666667
self,official,10,0.6333333333333333,0.611111111111111,deepseek-ai/DeepSeek-R1-0528-Qwen3-8B,last,15.0,0.4166666666666667
self,official:DeepSeek-R1-0528-Qwen3-8B,10,0.6333333333333333,0.611111111111111,deepseek-ai/DeepSeek-R1-0528-Qwen3-8B,last,15.0,0.4166666666666667
self,augmented,137,0.6301703163017032,0.5197561422808948,deepseek-ai/DeepSeek-R1-0528-Qwen3-8B,last,16.0,0.4444444444444444
self,official,10,0.6333333333333333,0.611111111111111,deepseek-ai/DeepSeek-R1-0528-Qwen3-8B,last,16.0,0.4444444444444444
self,official:DeepSeek-R1-0528-Qwen3-8B,10,0.6333333333333333,0.611111111111111,deepseek-ai/DeepSeek-R1-0528-Qwen3-8B,last,16.0,0.4444444444444444
self,augmented,137,0.6545012165450121,0.5511551155115512,deepseek-ai/DeepSeek-R1-0528-Qwen3-8B,last,17.0,0.4722222222222222
self,official,10,0.6,0.5555555555555555,deepseek-ai/DeepSeek-R1-0528-Qwen3-8B,last,17.0,0.4722222222222222
self,official:DeepSeek-R1-0528-Qwen3-8B,10,0.6,0.5555555555555555,deepseek-ai/DeepSeek-R1-0528-Qwen3-8B,last,17.0,0.4722222222222222
self,augmented,137,0.6520681265206812,0.5465254858819216,deepseek-ai/DeepSeek-R1-0528-Qwen3-8B,last,18.0,0.5
self,official,10,0.5666666666666667,0.5317460317460317,deepseek-ai/DeepSeek-R1-0528-Qwen3-8B,last,18.0,0.5
self,official:DeepSeek-R1-0528-Qwen3-8B,10,0.5666666666666667,0.5317460317460317,deepseek-ai/DeepSeek-R1-0528-Qwen3-8B,last,18.0,0.5
self,augmented,137,0.6666666666666666,0.5594059405940595,deepseek-ai/DeepSeek-R1-0528-Qwen3-8B,last,19.0,0.5277777777777778
self,official,10,0.6333333333333333,0.6111111111111112,deepseek-ai/DeepSeek-R1-0528-Qwen3-8B,last,19.0,0.5277777777777778
self,official:DeepSeek-R1-0528-Qwen3-8B,10,0.6333333333333333,0.6111111111111112,deepseek-ai/DeepSeek-R1-0528-Qwen3-8B,last,19.0,0.5277777777777778
self,augmented,137,0.6715328467153284,0.5716446644664467,deepseek-ai/DeepSeek-R1-0528-Qwen3-8B,last,20.0,0.5555555555555556
self,official,10,0.5666666666666667,0.5,deepseek-ai/DeepSeek-R1-0528-Qwen3-8B,last,20.0,0.5555555555555556
self,official:DeepSeek-R1-0528-Qwen3-8B,10,0.5666666666666667,0.5,deepseek-ai/DeepSeek-R1-0528-Qwen3-8B,last,20.0,0.5555555555555556
self,augmented,137,0.6642335766423358,0.5517968463513019,deepseek-ai/DeepSeek-R1-0528-Qwen3-8B,last,21.0,0.5833333333333334
self,official,10,0.5333333333333333,0.4761904761904761,deepseek-ai/DeepSeek-R1-0528-Qwen3-8B,last,21.0,0.5833333333333334
self,official:DeepSeek-R1-0528-Qwen3-8B,10,0.5333333333333333,0.4761904761904761,deepseek-ai/DeepSeek-R1-0528-Qwen3-8B,last,21.0,0.5833333333333334
self,augmented,137,0.6715328467153284,0.5686651998533186,deepseek-ai/DeepSeek-R1-0528-Qwen3-8B,last,22.0,0.6111111111111112
self,official,10,0.5,0.45238095238095233,deepseek-ai/DeepSeek-R1-0528-Qwen3-8B,last,22.0,0.6111111111111112
self,official:DeepSeek-R1-0528-Qwen3-8B,10,0.5,0.45238095238095233,deepseek-ai/DeepSeek-R1-0528-Qwen3-8B,last,22.0,0.6111111111111112
self,augmented,137,0.6788321167883211,0.5706362302896957,deepseek-ai/DeepSeek-R1-0528-Qwen3-8B,last,23.0,0.6388888888888888
self,official,10,0.4666666666666666,0.3650793650793651,deepseek-ai/DeepSeek-R1-0528-Qwen3-8B,last,23.0,0.6388888888888888
self,official:DeepSeek-R1-0528-Qwen3-8B,10,0.4666666666666666,0.3650793650793651,deepseek-ai/DeepSeek-R1-0528-Qwen3-8B,last,23.0,0.6388888888888888
self,augmented,137,0.6909975669099757,0.5967638430509719,deepseek-ai/DeepSeek-R1-0528-Qwen3-8B,last,24.0,0.6666666666666666
self,official,10,0.5333333333333333,0.4444444444444445,deepseek-ai/DeepSeek-R1-0528-Qwen3-8B,last,24.0,0.6666666666666666
self,official:DeepSeek-R1-0528-Qwen3-8B,10,0.5333333333333333,0.4444444444444445,deepseek-ai/DeepSeek-R1-0528-Qwen3-8B,last,24.0,0.6666666666666666
self,augmented,137,0.6982968369829683,0.5987348734873488,deepseek-ai/DeepSeek-R1-0528-Qwen3-8B,last,25.0,0.6944444444444444
self,official,10,0.7000000000000001,0.5952380952380952,deepseek-ai/DeepSeek-R1-0528-Qwen3-8B,last,25.0,0.6944444444444444
self,official:DeepSeek-R1-0528-Qwen3-8B,10,0.7000000000000001,0.5952380952380952,deepseek-ai/DeepSeek-R1-0528-Qwen3-8B,last,25.0,0.6944444444444444
self,augmented,137,0.708029197080292,0.6142739273927392,deepseek-ai/DeepSeek-R1-0528-Qwen3-8B,last,26.0,0.7222222222222222
self,official,10,0.6666666666666666,0.5714285714285715,deepseek-ai/DeepSeek-R1-0528-Qwen3-8B,last,26.0,0.7222222222222222
self,official:DeepSeek-R1-0528-Qwen3-8B,10,0.6666666666666666,0.5714285714285715,deepseek-ai/DeepSeek-R1-0528-Qwen3-8B,last,26.0,0.7222222222222222
self,augmented,137,0.7007299270072993,0.6123028969563623,deepseek-ai/DeepSeek-R1-0528-Qwen3-8B,last,27.0,0.75
self,official,10,0.6666666666666666,0.5714285714285715,deepseek-ai/DeepSeek-R1-0528-Qwen3-8B,last,27.0,0.75
self,official:DeepSeek-R1-0528-Qwen3-8B,10,0.6666666666666666,0.5714285714285715,deepseek-ai/DeepSeek-R1-0528-Qwen3-8B,last,27.0,0.75
self,augmented,137,0.705596107055961,0.6185826916024936,deepseek-ai/DeepSeek-R1-0528-Qwen3-8B,last,28.0,0.7777777777777778
self,official,10,0.7333333333333334,0.6190476190476191,deepseek-ai/DeepSeek-R1-0528-Qwen3-8B,last,28.0,0.7777777777777778
self,official:DeepSeek-R1-0528-Qwen3-8B,10,0.7333333333333334,0.6190476190476191,deepseek-ai/DeepSeek-R1-0528-Qwen3-8B,last,28.0,0.7777777777777778
self,augmented,137,0.7031630170316302,0.616932526585992,deepseek-ai/DeepSeek-R1-0528-Qwen3-8B,last,29.0,0.8055555555555556
self,official,10,0.7000000000000001,0.5952380952380952,deepseek-ai/DeepSeek-R1-0528-Qwen3-8B,last,29.0,0.8055555555555556
self,official:DeepSeek-R1-0528-Qwen3-8B,10,0.7000000000000001,0.5952380952380952,deepseek-ai/DeepSeek-R1-0528-Qwen3-8B,last,29.0,0.8055555555555556
self,augmented,137,0.6934306569343066,0.6103318665199854,deepseek-ai/DeepSeek-R1-0528-Qwen3-8B,last,30.0,0.8333333333333334
self,official,10,0.7000000000000001,0.626984126984127,deepseek-ai/DeepSeek-R1-0528-Qwen3-8B,last,30.0,0.8333333333333334
self,official:DeepSeek-R1-0528-Qwen3-8B,10,0.7000000000000001,0.626984126984127,deepseek-ai/DeepSeek-R1-0528-Qwen3-8B,last,30.0,0.8333333333333334
self,augmented,137,0.6958637469586374,0.6149614961496149,deepseek-ai/DeepSeek-R1-0528-Qwen3-8B,last,31.0,0.8611111111111112
self,official,10,0.6999999999999998,0.5952380952380952,deepseek-ai/DeepSeek-R1-0528-Qwen3-8B,last,31.0,0.8611111111111112
self,official:DeepSeek-R1-0528-Qwen3-8B,10,0.6999999999999998,0.5952380952380952,deepseek-ai/DeepSeek-R1-0528-Qwen3-8B,last,31.0,0.8611111111111112
self,augmented,137,0.7031630170316302,0.6199119911991199,deepseek-ai/DeepSeek-R1-0528-Qwen3-8B,last,32.0,0.8888888888888888
self,official,10,0.6999999999999998,0.5952380952380952,deepseek-ai/DeepSeek-R1-0528-Qwen3-8B,last,32.0,0.8888888888888888
self,official:DeepSeek-R1-0528-Qwen3-8B,10,0.6999999999999998,0.5952380952380952,deepseek-ai/DeepSeek-R1-0528-Qwen3-8B,last,32.0,0.8888888888888888
self,augmented,137,0.6788321167883211,0.5795746241290796,deepseek-ai/DeepSeek-R1-0528-Qwen3-8B,last,33.0,0.9166666666666666
self,official,10,0.6999999999999998,0.5952380952380952,deepseek-ai/DeepSeek-R1-0528-Qwen3-8B,last,33.0,0.9166666666666666
self,official:DeepSeek-R1-0528-Qwen3-8B,10,0.6999999999999998,0.5952380952380952,deepseek-ai/DeepSeek-R1-0528-Qwen3-8B,last,33.0,0.9166666666666666
self,augmented,137,0.7007299270072993,0.6152823615694903,deepseek-ai/DeepSeek-R1-0528-Qwen3-8B,last,34.0,0.9444444444444444
self,official,10,0.7333333333333334,0.6190476190476191,deepseek-ai/DeepSeek-R1-0528-Qwen3-8B,last,34.0,0.9444444444444444
self,official:DeepSeek-R1-0528-Qwen3-8B,10,0.7333333333333334,0.6190476190476191,deepseek-ai/DeepSeek-R1-0528-Qwen3-8B,last,34.0,0.9444444444444444
self,augmented,137,0.7031630170316302,0.6139530619728639,deepseek-ai/DeepSeek-R1-0528-Qwen3-8B,last,35.0,0.9722222222222222
self,official,10,0.7333333333333334,0.6190476190476191,deepseek-ai/DeepSeek-R1-0528-Qwen3-8B,last,35.0,0.9722222222222222
self,official:DeepSeek-R1-0528-Qwen3-8B,10,0.7333333333333334,0.6190476190476191,deepseek-ai/DeepSeek-R1-0528-Qwen3-8B,last,35.0,0.9722222222222222
self,augmented,137,0.7104622871046229,0.6248624862486248,deepseek-ai/DeepSeek-R1-0528-Qwen3-8B,last,36.0,1.0
self,official,10,0.8000000000000002,0.6984126984126983,deepseek-ai/DeepSeek-R1-0528-Qwen3-8B,last,36.0,1.0
self,official:DeepSeek-R1-0528-Qwen3-8B,10,0.8000000000000002,0.6984126984126983,deepseek-ai/DeepSeek-R1-0528-Qwen3-8B,last,36.0,1.0
shared,augmented,137,0.6909975669099757,0.6027227722772278,deepseek-ai/DeepSeek-R1-0528-Qwen3-8B,mean,0.0,0.0
shared,official,34,0.5,0.4611111111111111,deepseek-ai/DeepSeek-R1-0528-Qwen3-8B,mean,0.0,0.0
shared,official:DeepSeek-R1-0528-Qwen3-8B,10,0.5,0.48412698412698413,deepseek-ai/DeepSeek-R1-0528-Qwen3-8B,mean,0.0,0.0
shared,official:Olmo-3-7B-Think,9,0.4074074074074074,0.38095238095238093,deepseek-ai/DeepSeek-R1-0528-Qwen3-8B,mean,0.0,0.0
shared,official:Qwen3.5-4B,12,0.5277777777777778,0.5,deepseek-ai/DeepSeek-R1-0528-Qwen3-8B,mean,0.0,0.0
shared,official:Skywork-OR1-Math-7B,3,0.6666666666666666,0.5,deepseek-ai/DeepSeek-R1-0528-Qwen3-8B,mean,0.0,0.0
shared,augmented,137,0.6715328467153284,0.5984598459845984,deepseek-ai/DeepSeek-R1-0528-Qwen3-8B,mean,1.0,0.027777777777777776
shared,official,34,0.5882352941176471,0.5916666666666667,deepseek-ai/DeepSeek-R1-0528-Qwen3-8B,mean,1.0,0.027777777777777776
shared,official:DeepSeek-R1-0528-Qwen3-8B,10,0.6333333333333333,0.6746031746031745,deepseek-ai/DeepSeek-R1-0528-Qwen3-8B,mean,1.0,0.027777777777777776
shared,official:Olmo-3-7B-Think,9,0.48148148148148145,0.5476190476190476,deepseek-ai/DeepSeek-R1-0528-Qwen3-8B,mean,1.0,0.027777777777777776
shared,official:Qwen3.5-4B,12,0.5555555555555556,0.5208333333333334,deepseek-ai/DeepSeek-R1-0528-Qwen3-8B,mean,1.0,0.027777777777777776
shared,official:Skywork-OR1-Math-7B,3,0.8888888888888888,0.8333333333333334,deepseek-ai/DeepSeek-R1-0528-Qwen3-8B,mean,1.0,0.027777777777777776
shared,augmented,137,0.7128953771289538,0.6443894389438944,deepseek-ai/DeepSeek-R1-0528-Qwen3-8B,mean,2.0,0.05555555555555555
shared,official,34,0.5784313725490197,0.5555555555555555,deepseek-ai/DeepSeek-R1-0528-Qwen3-8B,mean,2.0,0.05555555555555555
shared,official:DeepSeek-R1-0528-Qwen3-8B,10,0.5666666666666667,0.5952380952380952,deepseek-ai/DeepSeek-R1-0528-Qwen3-8B,mean,2.0,0.05555555555555555
shared,official:Olmo-3-7B-Think,9,0.48148148148148145,0.42857142857142855,deepseek-ai/DeepSeek-R1-0528-Qwen3-8B,mean,2.0,0.05555555555555555
shared,official:Qwen3.5-4B,12,0.5833333333333334,0.5416666666666666,deepseek-ai/DeepSeek-R1-0528-Qwen3-8B,mean,2.0,0.05555555555555555
shared,official:Skywork-OR1-Math-7B,3,0.8888888888888888,0.8333333333333334,deepseek-ai/DeepSeek-R1-0528-Qwen3-8B,mean,2.0,0.05555555555555555
shared,augmented,137,0.7007299270072993,0.6182618261826183,deepseek-ai/DeepSeek-R1-0528-Qwen3-8B,mean,3.0,0.08333333333333333
shared,official,34,0.5686274509803922,0.5291666666666667,deepseek-ai/DeepSeek-R1-0528-Qwen3-8B,mean,3.0,0.08333333333333333
shared,official:DeepSeek-R1-0528-Qwen3-8B,10,0.5,0.5158730158730158,deepseek-ai/DeepSeek-R1-0528-Qwen3-8B,mean,3.0,0.08333333333333333
shared,official:Olmo-3-7B-Think,9,0.48148148148148145,0.36904761904761907,deepseek-ai/DeepSeek-R1-0528-Qwen3-8B,mean,3.0,0.08333333333333333
shared,official:Qwen3.5-4B,12,0.638888888888889,0.6041666666666666,deepseek-ai/DeepSeek-R1-0528-Qwen3-8B,mean,3.0,0.08333333333333333
shared,official:Skywork-OR1-Math-7B,3,0.7777777777777777,0.6666666666666666,deepseek-ai/DeepSeek-R1-0528-Qwen3-8B,mean,3.0,0.08333333333333333
shared,augmented,137,0.6861313868613138,0.5994224422442245,deepseek-ai/DeepSeek-R1-0528-Qwen3-8B,mean,4.0,0.1111111111111111
shared,official,34,0.5686274509803922,0.5097222222222223,deepseek-ai/DeepSeek-R1-0528-Qwen3-8B,mean,4.0,0.1111111111111111
shared,official:DeepSeek-R1-0528-Qwen3-8B,10,0.4666666666666666,0.4603174603174603,deepseek-ai/DeepSeek-R1-0528-Qwen3-8B,mean,4.0,0.1111111111111111
shared,official:Olmo-3-7B-Think,9,0.5185185185185185,0.39285714285714285,deepseek-ai/DeepSeek-R1-0528-Qwen3-8B,mean,4.0,0.1111111111111111
shared,official:Qwen3.5-4B,12,0.638888888888889,0.5833333333333334,deepseek-ai/DeepSeek-R1-0528-Qwen3-8B,mean,4.0,0.1111111111111111
shared,official:Skywork-OR1-Math-7B,3,0.7777777777777777,0.6666666666666666,deepseek-ai/DeepSeek-R1-0528-Qwen3-8B,mean,4.0,0.1111111111111111
shared,augmented,137,0.6763990267639902,0.5898423175650899,deepseek-ai/DeepSeek-R1-0528-Qwen3-8B,mean,5.0,0.1388888888888889
shared,official,34,0.5,0.45138888888888884,deepseek-ai/DeepSeek-R1-0528-Qwen3-8B,mean,5.0,0.1388888888888889
shared,official:DeepSeek-R1-0528-Qwen3-8B,10,0.5,0.484126984126984,deepseek-ai/DeepSeek-R1-0528-Qwen3-8B,mean,5.0,0.1388888888888889
shared,official:Olmo-3-7B-Think,9,0.4074074074074074,0.3214285714285714,deepseek-ai/DeepSeek-R1-0528-Qwen3-8B,mean,5.0,0.1388888888888889
shared,official:Qwen3.5-4B,12,0.5277777777777778,0.5,deepseek-ai/DeepSeek-R1-0528-Qwen3-8B,mean,5.0,0.1388888888888889
shared,official:Skywork-OR1-Math-7B,3,0.6666666666666666,0.5,deepseek-ai/DeepSeek-R1-0528-Qwen3-8B,mean,5.0,0.1388888888888889
shared,augmented,137,0.6885644768856448,0.6010726072607261,deepseek-ai/DeepSeek-R1-0528-Qwen3-8B,mean,6.0,0.16666666666666666
shared,official,34,0.4901960784313726,0.4055555555555556,deepseek-ai/DeepSeek-R1-0528-Qwen3-8B,mean,6.0,0.16666666666666666
shared,official:DeepSeek-R1-0528-Qwen3-8B,10,0.43333333333333335,0.373015873015873,deepseek-ai/DeepSeek-R1-0528-Qwen3-8B,mean,6.0,0.16666666666666666
shared,official:Olmo-3-7B-Think,9,0.4074074074074074,0.2619047619047619,deepseek-ai/DeepSeek-R1-0528-Qwen3-8B,mean,6.0,0.16666666666666666
shared,official:Qwen3.5-4B,12,0.5555555555555556,0.5,deepseek-ai/DeepSeek-R1-0528-Qwen3-8B,mean,6.0,0.16666666666666666
shared,official:Skywork-OR1-Math-7B,3,0.6666666666666666,0.5,deepseek-ai/DeepSeek-R1-0528-Qwen3-8B,mean,6.0,0.16666666666666666
shared,augmented,137,0.6861313868613138,0.5964429776310964,deepseek-ai/DeepSeek-R1-0528-Qwen3-8B,mean,7.0,0.19444444444444445
shared,official,34,0.5490196078431372,0.4861111111111111,deepseek-ai/DeepSeek-R1-0528-Qwen3-8B,mean,7.0,0.19444444444444445
shared,official:DeepSeek-R1-0528-Qwen3-8B,10,0.5333333333333333,0.5079365079365079,deepseek-ai/DeepSeek-R1-0528-Qwen3-8B,mean,7.0,0.19444444444444445
shared,official:Olmo-3-7B-Think,9,0.4444444444444444,0.2857142857142857,deepseek-ai/DeepSeek-R1-0528-Qwen3-8B,mean,7.0,0.19444444444444445
shared,official:Qwen3.5-4B,12,0.611111111111111,0.5833333333333334,deepseek-ai/DeepSeek-R1-0528-Qwen3-8B,mean,7.0,0.19444444444444445
shared,official:Skywork-OR1-Math-7B,3,0.6666666666666666,0.5,deepseek-ai/DeepSeek-R1-0528-Qwen3-8B,mean,7.0,0.19444444444444445
shared,augmented,137,0.6788321167883211,0.5974514118078474,deepseek-ai/DeepSeek-R1-0528-Qwen3-8B,mean,8.0,0.2222222222222222
shared,official,34,0.5392156862745098,0.49861111111111106,deepseek-ai/DeepSeek-R1-0528-Qwen3-8B,mean,8.0,0.2222222222222222
shared,official:DeepSeek-R1-0528-Qwen3-8B,10,0.5,0.484126984126984,deepseek-ai/DeepSeek-R1-0528-Qwen3-8B,mean,8.0,0.2222222222222222
shared,official:Olmo-3-7B-Think,9,0.4074074074074074,0.3214285714285714,deepseek-ai/DeepSeek-R1-0528-Qwen3-8B,mean,8.0,0.2222222222222222
shared,official:Qwen3.5-4B,12,0.6111111111111112,0.5833333333333334,deepseek-ai/DeepSeek-R1-0528-Qwen3-8B,mean,8.0,0.2222222222222222
shared,official:Skywork-OR1-Math-7B,3,0.7777777777777777,0.6666666666666666,deepseek-ai/DeepSeek-R1-0528-Qwen3-8B,mean,8.0,0.2222222222222222
shared,augmented,137,0.6642335766423357,0.5756325632563256,deepseek-ai/DeepSeek-R1-0528-Qwen3-8B,mean,9.0,0.25
shared,official,34,0.5490196078431372,0.4763888888888889,deepseek-ai/DeepSeek-R1-0528-Qwen3-8B,mean,9.0,0.25
shared,official:DeepSeek-R1-0528-Qwen3-8B,10,0.5,0.45238095238095233,deepseek-ai/DeepSeek-R1-0528-Qwen3-8B,mean,9.0,0.25
shared,official:Olmo-3-7B-Think,9,0.4444444444444444,0.2857142857142857,deepseek-ai/DeepSeek-R1-0528-Qwen3-8B,mean,9.0,0.25
shared,official:Qwen3.5-4B,12,0.6388888888888888,0.6041666666666666,deepseek-ai/DeepSeek-R1-0528-Qwen3-8B,mean,9.0,0.25
shared,official:Skywork-OR1-Math-7B,3,0.6666666666666666,0.5,deepseek-ai/DeepSeek-R1-0528-Qwen3-8B,mean,9.0,0.25
shared,augmented,137,0.6642335766423357,0.5607352401906858,deepseek-ai/DeepSeek-R1-0528-Qwen3-8B,mean,10.0,0.2777777777777778
shared,official,34,0.6274509803921569,0.6097222222222222,deepseek-ai/DeepSeek-R1-0528-Qwen3-8B,mean,10.0,0.2777777777777778
shared,official:DeepSeek-R1-0528-Qwen3-8B,10,0.5666666666666667,0.5634920634920635,deepseek-ai/DeepSeek-R1-0528-Qwen3-8B,mean,10.0,0.2777777777777778
shared,official:Olmo-3-7B-Think,9,0.5185185185185185,0.4523809523809524,deepseek-ai/DeepSeek-R1-0528-Qwen3-8B,mean,10.0,0.2777777777777778
shared,official:Qwen3.5-4B,12,0.6944444444444443,0.6875,deepseek-ai/DeepSeek-R1-0528-Qwen3-8B,mean,10.0,0.2777777777777778
shared,official:Skywork-OR1-Math-7B,3,0.8888888888888888,0.8333333333333334,deepseek-ai/DeepSeek-R1-0528-Qwen3-8B,mean,10.0,0.2777777777777778
shared,augmented,137,0.6666666666666666,0.5594059405940595,deepseek-ai/DeepSeek-R1-0528-Qwen3-8B,mean,11.0,0.3055555555555556
shared,official,34,0.5392156862745098,0.4791666666666667,deepseek-ai/DeepSeek-R1-0528-Qwen3-8B,mean,11.0,0.3055555555555556
shared,official:DeepSeek-R1-0528-Qwen3-8B,10,0.4666666666666666,0.42857142857142855,deepseek-ai/DeepSeek-R1-0528-Qwen3-8B,mean,11.0,0.3055555555555556
shared,official:Olmo-3-7B-Think,9,0.4074074074074074,0.2619047619047619,deepseek-ai/DeepSeek-R1-0528-Qwen3-8B,mean,11.0,0.3055555555555556
shared,official:Qwen3.5-4B,12,0.6666666666666666,0.6458333333333334,deepseek-ai/DeepSeek-R1-0528-Qwen3-8B,mean,11.0,0.3055555555555556
shared,official:Skywork-OR1-Math-7B,3,0.6666666666666666,0.5,deepseek-ai/DeepSeek-R1-0528-Qwen3-8B,mean,11.0,0.3055555555555556
shared,augmented,137,0.6909975669099757,0.5997433076640998,deepseek-ai/DeepSeek-R1-0528-Qwen3-8B,mean,12.0,0.3333333333333333
shared,official,34,0.5882352941176471,0.5916666666666667,deepseek-ai/DeepSeek-R1-0528-Qwen3-8B,mean,12.0,0.3333333333333333
shared,official:DeepSeek-R1-0528-Qwen3-8B,10,0.5333333333333333,0.5714285714285714,deepseek-ai/DeepSeek-R1-0528-Qwen3-8B,mean,12.0,0.3333333333333333
shared,official:Olmo-3-7B-Think,9,0.48148148148148145,0.42857142857142855,deepseek-ai/DeepSeek-R1-0528-Qwen3-8B,mean,12.0,0.3333333333333333
shared,official:Qwen3.5-4B,12,0.6388888888888888,0.6458333333333334,deepseek-ai/DeepSeek-R1-0528-Qwen3-8B,mean,12.0,0.3333333333333333
shared,official:Skywork-OR1-Math-7B,3,0.8888888888888888,0.8333333333333334,deepseek-ai/DeepSeek-R1-0528-Qwen3-8B,mean,12.0,0.3333333333333333
shared,augmented,137,0.6690997566909975,0.5759534286762009,deepseek-ai/DeepSeek-R1-0528-Qwen3-8B,mean,13.0,0.3611111111111111
shared,official,34,0.5294117647058824,0.5111111111111111,deepseek-ai/DeepSeek-R1-0528-Qwen3-8B,mean,13.0,0.3611111111111111
shared,official:DeepSeek-R1-0528-Qwen3-8B,10,0.39999999999999997,0.41269841269841273,deepseek-ai/DeepSeek-R1-0528-Qwen3-8B,mean,13.0,0.3611111111111111
shared,official:Olmo-3-7B-Think,9,0.4444444444444444,0.3452380952380952,deepseek-ai/DeepSeek-R1-0528-Qwen3-8B,mean,13.0,0.3611111111111111
shared,official:Qwen3.5-4B,12,0.6388888888888888,0.6458333333333334,deepseek-ai/DeepSeek-R1-0528-Qwen3-8B,mean,13.0,0.3611111111111111
shared,official:Skywork-OR1-Math-7B,3,0.7777777777777777,0.6666666666666666,deepseek-ai/DeepSeek-R1-0528-Qwen3-8B,mean,13.0,0.3611111111111111
shared,augmented,137,0.6934306569343066,0.6043729372937293,deepseek-ai/DeepSeek-R1-0528-Qwen3-8B,mean,14.0,0.3888888888888889
shared,official,34,0.5392156862745098,0.4791666666666667,deepseek-ai/DeepSeek-R1-0528-Qwen3-8B,mean,14.0,0.3888888888888889
shared,official:DeepSeek-R1-0528-Qwen3-8B,10,0.4666666666666666,0.42857142857142855,deepseek-ai/DeepSeek-R1-0528-Qwen3-8B,mean,14.0,0.3888888888888889
shared,official:Olmo-3-7B-Think,9,0.4444444444444444,0.2857142857142857,deepseek-ai/DeepSeek-R1-0528-Qwen3-8B,mean,14.0,0.3888888888888889
shared,official:Qwen3.5-4B,12,0.638888888888889,0.625,deepseek-ai/DeepSeek-R1-0528-Qwen3-8B,mean,14.0,0.3888888888888889
shared,official:Skywork-OR1-Math-7B,3,0.6666666666666666,0.5,deepseek-ai/DeepSeek-R1-0528-Qwen3-8B,mean,14.0,0.3888888888888889
shared,augmented,137,0.6739659367396594,0.5822332233223323,deepseek-ai/DeepSeek-R1-0528-Qwen3-8B,mean,15.0,0.4166666666666667
shared,official,34,0.5392156862745098,0.5083333333333333,deepseek-ai/DeepSeek-R1-0528-Qwen3-8B,mean,15.0,0.4166666666666667
shared,official:DeepSeek-R1-0528-Qwen3-8B,10,0.4666666666666666,0.4603174603174603,deepseek-ai/DeepSeek-R1-0528-Qwen3-8B,mean,15.0,0.4166666666666667
shared,official:Olmo-3-7B-Think,9,0.4074074074074074,0.32142857142857145,deepseek-ai/DeepSeek-R1-0528-Qwen3-8B,mean,15.0,0.4166666666666667
shared,official:Qwen3.5-4B,12,0.6388888888888888,0.625,deepseek-ai/DeepSeek-R1-0528-Qwen3-8B,mean,15.0,0.4166666666666667
shared,official:Skywork-OR1-Math-7B,3,0.7777777777777777,0.6666666666666666,deepseek-ai/DeepSeek-R1-0528-Qwen3-8B,mean,15.0,0.4166666666666667
shared,augmented,137,0.7007299270072993,0.6003850385038504,deepseek-ai/DeepSeek-R1-0528-Qwen3-8B,mean,16.0,0.4444444444444444
shared,official,34,0.5392156862745098,0.5083333333333333,deepseek-ai/DeepSeek-R1-0528-Qwen3-8B,mean,16.0,0.4444444444444444
shared,official:DeepSeek-R1-0528-Qwen3-8B,10,0.43333333333333335,0.43650793650793646,deepseek-ai/DeepSeek-R1-0528-Qwen3-8B,mean,16.0,0.4444444444444444
shared,official:Olmo-3-7B-Think,9,0.4074074074074074,0.2619047619047619,deepseek-ai/DeepSeek-R1-0528-Qwen3-8B,mean,16.0,0.4444444444444444
shared,official:Qwen3.5-4B,12,0.6666666666666666,0.6666666666666666,deepseek-ai/DeepSeek-R1-0528-Qwen3-8B,mean,16.0,0.4444444444444444
shared,official:Skywork-OR1-Math-7B,3,0.7777777777777777,0.6666666666666666,deepseek-ai/DeepSeek-R1-0528-Qwen3-8B,mean,16.0,0.4444444444444444
shared,augmented,137,0.7007299270072993,0.6033645031169783,deepseek-ai/DeepSeek-R1-0528-Qwen3-8B,mean,17.0,0.4722222222222222
shared,official,34,0.5392156862745098,0.4791666666666667,deepseek-ai/DeepSeek-R1-0528-Qwen3-8B,mean,17.0,0.4722222222222222
shared,official:DeepSeek-R1-0528-Qwen3-8B,10,0.43333333333333335,0.4047619047619047,deepseek-ai/DeepSeek-R1-0528-Qwen3-8B,mean,17.0,0.4722222222222222
shared,official:Olmo-3-7B-Think,9,0.4444444444444444,0.2857142857142857,deepseek-ai/DeepSeek-R1-0528-Qwen3-8B,mean,17.0,0.4722222222222222
shared,official:Qwen3.5-4B,12,0.6666666666666666,0.6458333333333334,deepseek-ai/DeepSeek-R1-0528-Qwen3-8B,mean,17.0,0.4722222222222222
shared,official:Skywork-OR1-Math-7B,3,0.6666666666666666,0.5,deepseek-ai/DeepSeek-R1-0528-Qwen3-8B,mean,17.0,0.4722222222222222
shared,augmented,137,0.705596107055961,0.5947469746974697,deepseek-ai/DeepSeek-R1-0528-Qwen3-8B,mean,18.0,0.5
shared,official,34,0.5784313725490197,0.5166666666666666,deepseek-ai/DeepSeek-R1-0528-Qwen3-8B,mean,18.0,0.5
shared,official:DeepSeek-R1-0528-Qwen3-8B,10,0.5,0.45238095238095233,deepseek-ai/DeepSeek-R1-0528-Qwen3-8B,mean,18.0,0.5
shared,official:Olmo-3-7B-Think,9,0.4444444444444444,0.2857142857142857,deepseek-ai/DeepSeek-R1-0528-Qwen3-8B,mean,18.0,0.5
shared,official:Qwen3.5-4B,12,0.7222222222222222,0.7083333333333334,deepseek-ai/DeepSeek-R1-0528-Qwen3-8B,mean,18.0,0.5
shared,official:Skywork-OR1-Math-7B,3,0.6666666666666666,0.5,deepseek-ai/DeepSeek-R1-0528-Qwen3-8B,mean,18.0,0.5
shared,augmented,137,0.708029197080292,0.6053355335533553,deepseek-ai/DeepSeek-R1-0528-Qwen3-8B,mean,19.0,0.5277777777777778
shared,official,34,0.6372549019607844,0.6069444444444444,deepseek-ai/DeepSeek-R1-0528-Qwen3-8B,mean,19.0,0.5277777777777778
shared,official:DeepSeek-R1-0528-Qwen3-8B,10,0.5333333333333333,0.5079365079365079,deepseek-ai/DeepSeek-R1-0528-Qwen3-8B,mean,19.0,0.5277777777777778
shared,official:Olmo-3-7B-Think,9,0.5555555555555555,0.4761904761904762,deepseek-ai/DeepSeek-R1-0528-Qwen3-8B,mean,19.0,0.5277777777777778
shared,official:Qwen3.5-4B,12,0.75,0.75,deepseek-ai/DeepSeek-R1-0528-Qwen3-8B,mean,19.0,0.5277777777777778
shared,official:Skywork-OR1-Math-7B,3,0.7777777777777777,0.6666666666666666,deepseek-ai/DeepSeek-R1-0528-Qwen3-8B,mean,19.0,0.5277777777777778
shared,augmented,137,0.7104622871046229,0.604006233956729,deepseek-ai/DeepSeek-R1-0528-Qwen3-8B,mean,20.0,0.5555555555555556
shared,official,34,0.6274509803921569,0.6097222222222222,deepseek-ai/DeepSeek-R1-0528-Qwen3-8B,mean,20.0,0.5555555555555556
shared,official:DeepSeek-R1-0528-Qwen3-8B,10,0.5666666666666667,0.5634920634920635,deepseek-ai/DeepSeek-R1-0528-Qwen3-8B,mean,20.0,0.5555555555555556
shared,official:Olmo-3-7B-Think,9,0.5185185185185185,0.4523809523809524,deepseek-ai/DeepSeek-R1-0528-Qwen3-8B,mean,20.0,0.5555555555555556
shared,official:Qwen3.5-4B,12,0.7222222222222222,0.7291666666666666,deepseek-ai/DeepSeek-R1-0528-Qwen3-8B,mean,20.0,0.5555555555555556
shared,official:Skywork-OR1-Math-7B,3,0.7777777777777777,0.6666666666666666,deepseek-ai/DeepSeek-R1-0528-Qwen3-8B,mean,20.0,0.5555555555555556
shared,augmented,137,0.6982968369829684,0.5897964796479648,deepseek-ai/DeepSeek-R1-0528-Qwen3-8B,mean,21.0,0.5833333333333334
shared,official,34,0.6274509803921569,0.6291666666666668,deepseek-ai/DeepSeek-R1-0528-Qwen3-8B,mean,21.0,0.5833333333333334
shared,official:DeepSeek-R1-0528-Qwen3-8B,10,0.5333333333333333,0.5396825396825397,deepseek-ai/DeepSeek-R1-0528-Qwen3-8B,mean,21.0,0.5833333333333334
shared,official:Olmo-3-7B-Think,9,0.48148148148148145,0.42857142857142855,deepseek-ai/DeepSeek-R1-0528-Qwen3-8B,mean,21.0,0.5833333333333334
shared,official:Qwen3.5-4B,12,0.75,0.7708333333333334,deepseek-ai/DeepSeek-R1-0528-Qwen3-8B,mean,21.0,0.5833333333333334
shared,official:Skywork-OR1-Math-7B,3,0.8888888888888888,0.8333333333333334,deepseek-ai/DeepSeek-R1-0528-Qwen3-8B,mean,21.0,0.5833333333333334
shared,augmented,137,0.7226277372262774,0.6271543821048772,deepseek-ai/DeepSeek-R1-0528-Qwen3-8B,mean,22.0,0.6111111111111112
shared,official,34,0.6274509803921569,0.6291666666666668,deepseek-ai/DeepSeek-R1-0528-Qwen3-8B,mean,22.0,0.6111111111111112
shared,official:DeepSeek-R1-0528-Qwen3-8B,10,0.5333333333333333,0.5396825396825397,deepseek-ai/DeepSeek-R1-0528-Qwen3-8B,mean,22.0,0.6111111111111112
shared,official:Olmo-3-7B-Think,9,0.48148148148148145,0.42857142857142855,deepseek-ai/DeepSeek-R1-0528-Qwen3-8B,mean,22.0,0.6111111111111112
shared,official:Qwen3.5-4B,12,0.75,0.7708333333333334,deepseek-ai/DeepSeek-R1-0528-Qwen3-8B,mean,22.0,0.6111111111111112
shared,official:Skywork-OR1-Math-7B,3,0.8888888888888888,0.8333333333333334,deepseek-ai/DeepSeek-R1-0528-Qwen3-8B,mean,22.0,0.6111111111111112
shared,augmented,137,0.708029197080292,0.6172533920058673,deepseek-ai/DeepSeek-R1-0528-Qwen3-8B,mean,23.0,0.6388888888888888
shared,official,34,0.5588235294117647,0.5513888888888889,deepseek-ai/DeepSeek-R1-0528-Qwen3-8B,mean,23.0,0.6388888888888888
shared,official:DeepSeek-R1-0528-Qwen3-8B,10,0.4666666666666666,0.49206349206349204,deepseek-ai/DeepSeek-R1-0528-Qwen3-8B,mean,23.0,0.6388888888888888
shared,official:Olmo-3-7B-Think,9,0.4074074074074074,0.3214285714285714,deepseek-ai/DeepSeek-R1-0528-Qwen3-8B,mean,23.0,0.6388888888888888
shared,official:Qwen3.5-4B,12,0.6944444444444443,0.7083333333333334,deepseek-ai/DeepSeek-R1-0528-Qwen3-8B,mean,23.0,0.6388888888888888
shared,official:Skywork-OR1-Math-7B,3,0.7777777777777777,0.6666666666666666,deepseek-ai/DeepSeek-R1-0528-Qwen3-8B,mean,23.0,0.6388888888888888
shared,augmented,137,0.6788321167883211,0.5795746241290796,deepseek-ai/DeepSeek-R1-0528-Qwen3-8B,mean,24.0,0.6666666666666666
shared,official,34,0.5588235294117647,0.5611111111111111,deepseek-ai/DeepSeek-R1-0528-Qwen3-8B,mean,24.0,0.6666666666666666
shared,official:DeepSeek-R1-0528-Qwen3-8B,10,0.4666666666666666,0.49206349206349204,deepseek-ai/DeepSeek-R1-0528-Qwen3-8B,mean,24.0,0.6666666666666666
shared,official:Olmo-3-7B-Think,9,0.4074074074074074,0.3214285714285714,deepseek-ai/DeepSeek-R1-0528-Qwen3-8B,mean,24.0,0.6666666666666666
shared,official:Qwen3.5-4B,12,0.6944444444444443,0.7291666666666666,deepseek-ai/DeepSeek-R1-0528-Qwen3-8B,mean,24.0,0.6666666666666666
shared,official:Skywork-OR1-Math-7B,3,0.7777777777777777,0.6666666666666666,deepseek-ai/DeepSeek-R1-0528-Qwen3-8B,mean,24.0,0.6666666666666666
shared,augmented,137,0.6909975669099757,0.5967638430509717,deepseek-ai/DeepSeek-R1-0528-Qwen3-8B,mean,25.0,0.6944444444444444
shared,official,34,0.5392156862745098,0.5472222222222222,deepseek-ai/DeepSeek-R1-0528-Qwen3-8B,mean,25.0,0.6944444444444444
shared,official:DeepSeek-R1-0528-Qwen3-8B,10,0.43333333333333335,0.4682539682539682,deepseek-ai/DeepSeek-R1-0528-Qwen3-8B,mean,25.0,0.6944444444444444
shared,official:Olmo-3-7B-Think,9,0.4074074074074074,0.3214285714285714,deepseek-ai/DeepSeek-R1-0528-Qwen3-8B,mean,25.0,0.6944444444444444
shared,official:Qwen3.5-4B,12,0.6666666666666666,0.7083333333333334,deepseek-ai/DeepSeek-R1-0528-Qwen3-8B,mean,25.0,0.6944444444444444
shared,official:Skywork-OR1-Math-7B,3,0.7777777777777777,0.6666666666666666,deepseek-ai/DeepSeek-R1-0528-Qwen3-8B,mean,25.0,0.6944444444444444
shared,augmented,137,0.6812652068126521,0.5812247891455812,deepseek-ai/DeepSeek-R1-0528-Qwen3-8B,mean,26.0,0.7222222222222222
shared,official,34,0.5098039215686274,0.4777777777777778,deepseek-ai/DeepSeek-R1-0528-Qwen3-8B,mean,26.0,0.7222222222222222
shared,official:DeepSeek-R1-0528-Qwen3-8B,10,0.4000000000000001,0.41269841269841273,deepseek-ai/DeepSeek-R1-0528-Qwen3-8B,mean,26.0,0.7222222222222222
shared,official:Olmo-3-7B-Think,9,0.4074074074074074,0.2619047619047619,deepseek-ai/DeepSeek-R1-0528-Qwen3-8B,mean,26.0,0.7222222222222222
shared,official:Qwen3.5-4B,12,0.6388888888888888,0.6458333333333334,deepseek-ai/DeepSeek-R1-0528-Qwen3-8B,mean,26.0,0.7222222222222222
shared,official:Skywork-OR1-Math-7B,3,0.6666666666666666,0.5,deepseek-ai/DeepSeek-R1-0528-Qwen3-8B,mean,26.0,0.7222222222222222
shared,augmented,137,0.6812652068126521,0.5812247891455812,deepseek-ai/DeepSeek-R1-0528-Qwen3-8B,mean,27.0,0.75
shared,official,34,0.5686274509803922,0.548611111111111,deepseek-ai/DeepSeek-R1-0528-Qwen3-8B,mean,27.0,0.75
shared,official:DeepSeek-R1-0528-Qwen3-8B,10,0.5333333333333333,0.5396825396825397,deepseek-ai/DeepSeek-R1-0528-Qwen3-8B,mean,27.0,0.75
shared,official:Olmo-3-7B-Think,9,0.4074074074074074,0.3214285714285714,deepseek-ai/DeepSeek-R1-0528-Qwen3-8B,mean,27.0,0.75
shared,official:Qwen3.5-4B,12,0.6666666666666666,0.6666666666666666,deepseek-ai/DeepSeek-R1-0528-Qwen3-8B,mean,27.0,0.75
shared,official:Skywork-OR1-Math-7B,3,0.7777777777777777,0.6666666666666666,deepseek-ai/DeepSeek-R1-0528-Qwen3-8B,mean,27.0,0.75
shared,augmented,137,0.6739659367396594,0.5792537587092043,deepseek-ai/DeepSeek-R1-0528-Qwen3-8B,mean,28.0,0.7777777777777778
shared,official,34,0.5686274509803922,0.548611111111111,deepseek-ai/DeepSeek-R1-0528-Qwen3-8B,mean,28.0,0.7777777777777778
shared,official:DeepSeek-R1-0528-Qwen3-8B,10,0.5333333333333333,0.5396825396825397,deepseek-ai/DeepSeek-R1-0528-Qwen3-8B,mean,28.0,0.7777777777777778
shared,official:Olmo-3-7B-Think,9,0.4074074074074074,0.3214285714285714,deepseek-ai/DeepSeek-R1-0528-Qwen3-8B,mean,28.0,0.7777777777777778
shared,official:Qwen3.5-4B,12,0.6666666666666666,0.6666666666666666,deepseek-ai/DeepSeek-R1-0528-Qwen3-8B,mean,28.0,0.7777777777777778
shared,official:Skywork-OR1-Math-7B,3,0.7777777777777777,0.6666666666666666,deepseek-ai/DeepSeek-R1-0528-Qwen3-8B,mean,28.0,0.7777777777777778
shared,augmented,137,0.6788321167883211,0.5795746241290796,deepseek-ai/DeepSeek-R1-0528-Qwen3-8B,mean,29.0,0.8055555555555556
shared,official,34,0.5882352941176471,0.5819444444444444,deepseek-ai/DeepSeek-R1-0528-Qwen3-8B,mean,29.0,0.8055555555555556
shared,official:DeepSeek-R1-0528-Qwen3-8B,10,0.5666666666666667,0.5952380952380952,deepseek-ai/DeepSeek-R1-0528-Qwen3-8B,mean,29.0,0.8055555555555556
shared,official:Olmo-3-7B-Think,9,0.4074074074074074,0.3214285714285714,deepseek-ai/DeepSeek-R1-0528-Qwen3-8B,mean,29.0,0.8055555555555556
shared,official:Qwen3.5-4B,12,0.6944444444444445,0.7083333333333334,deepseek-ai/DeepSeek-R1-0528-Qwen3-8B,mean,29.0,0.8055555555555556
shared,official:Skywork-OR1-Math-7B,3,0.7777777777777777,0.6666666666666666,deepseek-ai/DeepSeek-R1-0528-Qwen3-8B,mean,29.0,0.8055555555555556
shared,augmented,137,0.6812652068126521,0.5752658599193253,deepseek-ai/DeepSeek-R1-0528-Qwen3-8B,mean,30.0,0.8333333333333334
shared,official,34,0.6176470588235294,0.6319444444444445,deepseek-ai/DeepSeek-R1-0528-Qwen3-8B,mean,30.0,0.8333333333333334
shared,official:DeepSeek-R1-0528-Qwen3-8B,10,0.5666666666666667,0.5952380952380952,deepseek-ai/DeepSeek-R1-0528-Qwen3-8B,mean,30.0,0.8333333333333334
shared,official:Olmo-3-7B-Think,9,0.4444444444444444,0.4047619047619047,deepseek-ai/DeepSeek-R1-0528-Qwen3-8B,mean,30.0,0.8333333333333334
shared,official:Qwen3.5-4B,12,0.7222222222222222,0.75,deepseek-ai/DeepSeek-R1-0528-Qwen3-8B,mean,30.0,0.8333333333333334
shared,official:Skywork-OR1-Math-7B,3,0.8888888888888888,0.8333333333333334,deepseek-ai/DeepSeek-R1-0528-Qwen3-8B,mean,30.0,0.8333333333333334
shared,augmented,137,0.6739659367396594,0.5703153648698204,deepseek-ai/DeepSeek-R1-0528-Qwen3-8B,mean,31.0,0.8611111111111112
shared,official,34,0.607843137254902,0.6152777777777777,deepseek-ai/DeepSeek-R1-0528-Qwen3-8B,mean,31.0,0.8611111111111112
shared,official:DeepSeek-R1-0528-Qwen3-8B,10,0.5666666666666667,0.5952380952380952,deepseek-ai/DeepSeek-R1-0528-Qwen3-8B,mean,31.0,0.8611111111111112
shared,official:Olmo-3-7B-Think,9,0.4444444444444444,0.4047619047619047,deepseek-ai/DeepSeek-R1-0528-Qwen3-8B,mean,31.0,0.8611111111111112
shared,official:Qwen3.5-4B,12,0.6944444444444445,0.7083333333333334,deepseek-ai/DeepSeek-R1-0528-Qwen3-8B,mean,31.0,0.8611111111111112
shared,official:Skywork-OR1-Math-7B,3,0.8888888888888888,0.8333333333333334,deepseek-ai/DeepSeek-R1-0528-Qwen3-8B,mean,31.0,0.8611111111111112
shared,augmented,137,0.6812652068126521,0.5812247891455812,deepseek-ai/DeepSeek-R1-0528-Qwen3-8B,mean,32.0,0.8888888888888888
shared,official,34,0.5784313725490197,0.5652777777777778,deepseek-ai/DeepSeek-R1-0528-Qwen3-8B,mean,32.0,0.8888888888888888
shared,official:DeepSeek-R1-0528-Qwen3-8B,10,0.5333333333333333,0.5396825396825397,deepseek-ai/DeepSeek-R1-0528-Qwen3-8B,mean,32.0,0.8888888888888888
shared,official:Olmo-3-7B-Think,9,0.4074074074074074,0.3214285714285714,deepseek-ai/DeepSeek-R1-0528-Qwen3-8B,mean,32.0,0.8888888888888888
shared,official:Qwen3.5-4B,12,0.6944444444444443,0.7083333333333334,deepseek-ai/DeepSeek-R1-0528-Qwen3-8B,mean,32.0,0.8888888888888888
shared,official:Skywork-OR1-Math-7B,3,0.7777777777777777,0.6666666666666666,deepseek-ai/DeepSeek-R1-0528-Qwen3-8B,mean,32.0,0.8888888888888888
shared,augmented,137,0.6788321167883211,0.5765951595159516,deepseek-ai/DeepSeek-R1-0528-Qwen3-8B,mean,33.0,0.9166666666666666
shared,official,34,0.5784313725490197,0.5652777777777778,deepseek-ai/DeepSeek-R1-0528-Qwen3-8B,mean,33.0,0.9166666666666666
shared,official:DeepSeek-R1-0528-Qwen3-8B,10,0.5666666666666667,0.5952380952380952,deepseek-ai/DeepSeek-R1-0528-Qwen3-8B,mean,33.0,0.9166666666666666
shared,official:Olmo-3-7B-Think,9,0.4444444444444444,0.3452380952380952,deepseek-ai/DeepSeek-R1-0528-Qwen3-8B,mean,33.0,0.9166666666666666
shared,official:Qwen3.5-4B,12,0.6388888888888888,0.6458333333333334,deepseek-ai/DeepSeek-R1-0528-Qwen3-8B,mean,33.0,0.9166666666666666
shared,official:Skywork-OR1-Math-7B,3,0.7777777777777777,0.6666666666666666,deepseek-ai/DeepSeek-R1-0528-Qwen3-8B,mean,33.0,0.9166666666666666
shared,augmented,137,0.6812652068126521,0.5722863953061973,deepseek-ai/DeepSeek-R1-0528-Qwen3-8B,mean,34.0,0.9444444444444444
shared,official,34,0.5294117647058824,0.5013888888888889,deepseek-ai/DeepSeek-R1-0528-Qwen3-8B,mean,34.0,0.9444444444444444
shared,official:DeepSeek-R1-0528-Qwen3-8B,10,0.5333333333333333,0.5396825396825397,deepseek-ai/DeepSeek-R1-0528-Qwen3-8B,mean,34.0,0.9444444444444444
shared,official:Olmo-3-7B-Think,9,0.3333333333333333,0.21428571428571427,deepseek-ai/DeepSeek-R1-0528-Qwen3-8B,mean,34.0,0.9444444444444444
shared,official:Qwen3.5-4B,12,0.638888888888889,0.6458333333333334,deepseek-ai/DeepSeek-R1-0528-Qwen3-8B,mean,34.0,0.9444444444444444
shared,official:Skywork-OR1-Math-7B,3,0.6666666666666666,0.5,deepseek-ai/DeepSeek-R1-0528-Qwen3-8B,mean,34.0,0.9444444444444444
shared,augmented,137,0.6885644768856448,0.5891547488082142,deepseek-ai/DeepSeek-R1-0528-Qwen3-8B,mean,35.0,0.9722222222222222
shared,official,34,0.5686274509803922,0.5680555555555555,deepseek-ai/DeepSeek-R1-0528-Qwen3-8B,mean,35.0,0.9722222222222222
shared,official:DeepSeek-R1-0528-Qwen3-8B,10,0.5666666666666667,0.5952380952380952,deepseek-ai/DeepSeek-R1-0528-Qwen3-8B,mean,35.0,0.9722222222222222
shared,official:Olmo-3-7B-Think,9,0.3703703703703704,0.2976190476190476,deepseek-ai/DeepSeek-R1-0528-Qwen3-8B,mean,35.0,0.9722222222222222
shared,official:Qwen3.5-4B,12,0.6666666666666666,0.6875,deepseek-ai/DeepSeek-R1-0528-Qwen3-8B,mean,35.0,0.9722222222222222
shared,official:Skywork-OR1-Math-7B,3,0.7777777777777777,0.6666666666666666,deepseek-ai/DeepSeek-R1-0528-Qwen3-8B,mean,35.0,0.9722222222222222
shared,augmented,137,0.7128953771289538,0.6205537220388706,deepseek-ai/DeepSeek-R1-0528-Qwen3-8B,mean,36.0,1.0
shared,official,34,0.6078431372549019,0.5958333333333333,deepseek-ai/DeepSeek-R1-0528-Qwen3-8B,mean,36.0,1.0
shared,official:DeepSeek-R1-0528-Qwen3-8B,10,0.6,0.5873015873015873,deepseek-ai/DeepSeek-R1-0528-Qwen3-8B,mean,36.0,1.0
shared,official:Olmo-3-7B-Think,9,0.40740740740740744,0.3214285714285714,deepseek-ai/DeepSeek-R1-0528-Qwen3-8B,mean,36.0,1.0
shared,official:Qwen3.5-4B,12,0.7222222222222222,0.75,deepseek-ai/DeepSeek-R1-0528-Qwen3-8B,mean,36.0,1.0
shared,official:Skywork-OR1-Math-7B,3,0.7777777777777777,0.6666666666666666,deepseek-ai/DeepSeek-R1-0528-Qwen3-8B,mean,36.0,1.0
self,augmented,137,0.6885644768856448,0.5891547488082142,deepseek-ai/DeepSeek-R1-0528-Qwen3-8B,mean,0.0,0.0
self,official,10,0.5333333333333333,0.4761904761904762,deepseek-ai/DeepSeek-R1-0528-Qwen3-8B,mean,0.0,0.0
self,official:DeepSeek-R1-0528-Qwen3-8B,10,0.5333333333333333,0.4761904761904762,deepseek-ai/DeepSeek-R1-0528-Qwen3-8B,mean,0.0,0.0
self,augmented,137,0.6909975669099757,0.6057022368903556,deepseek-ai/DeepSeek-R1-0528-Qwen3-8B,mean,1.0,0.027777777777777776
self,official,10,0.5666666666666667,0.5317460317460317,deepseek-ai/DeepSeek-R1-0528-Qwen3-8B,mean,1.0,0.027777777777777776
self,official:DeepSeek-R1-0528-Qwen3-8B,10,0.5666666666666667,0.5317460317460317,deepseek-ai/DeepSeek-R1-0528-Qwen3-8B,mean,1.0,0.027777777777777776
self,augmented,137,0.6885644768856448,0.612990465713238,deepseek-ai/DeepSeek-R1-0528-Qwen3-8B,mean,2.0,0.05555555555555555
self,official,10,0.6333333333333333,0.6111111111111112,deepseek-ai/DeepSeek-R1-0528-Qwen3-8B,mean,2.0,0.05555555555555555
self,official:DeepSeek-R1-0528-Qwen3-8B,10,0.6333333333333333,0.6111111111111112,deepseek-ai/DeepSeek-R1-0528-Qwen3-8B,mean,2.0,0.05555555555555555
self,augmented,137,0.6861313868613138,0.6172992299229922,deepseek-ai/DeepSeek-R1-0528-Qwen3-8B,mean,3.0,0.08333333333333333
self,official,10,0.5333333333333333,0.4761904761904762,deepseek-ai/DeepSeek-R1-0528-Qwen3-8B,mean,3.0,0.08333333333333333
self,official:DeepSeek-R1-0528-Qwen3-8B,10,0.5333333333333333,0.4761904761904762,deepseek-ai/DeepSeek-R1-0528-Qwen3-8B,mean,3.0,0.08333333333333333
self,augmented,137,0.6690997566909975,0.5908507517418409,deepseek-ai/DeepSeek-R1-0528-Qwen3-8B,mean,4.0,0.1111111111111111
self,official,10,0.5,0.42063492063492064,deepseek-ai/DeepSeek-R1-0528-Qwen3-8B,mean,4.0,0.1111111111111111
self,official:DeepSeek-R1-0528-Qwen3-8B,10,0.5,0.42063492063492064,deepseek-ai/DeepSeek-R1-0528-Qwen3-8B,mean,4.0,0.1111111111111111
self,augmented,137,0.6788321167883211,0.6034103410341034,deepseek-ai/DeepSeek-R1-0528-Qwen3-8B,mean,5.0,0.1388888888888889
self,official,10,0.39999999999999997,0.31746031746031744,deepseek-ai/DeepSeek-R1-0528-Qwen3-8B,mean,5.0,0.1388888888888889
self,official:DeepSeek-R1-0528-Qwen3-8B,10,0.39999999999999997,0.31746031746031744,deepseek-ai/DeepSeek-R1-0528-Qwen3-8B,mean,5.0,0.1388888888888889
self,augmented,137,0.683698296836983,0.6037312064539787,deepseek-ai/DeepSeek-R1-0528-Qwen3-8B,mean,6.0,0.16666666666666666
self,official,10,0.26666666666666666,0.19047619047619047,deepseek-ai/DeepSeek-R1-0528-Qwen3-8B,mean,6.0,0.16666666666666666
self,official:DeepSeek-R1-0528-Qwen3-8B,10,0.26666666666666666,0.19047619047619047,deepseek-ai/DeepSeek-R1-0528-Qwen3-8B,mean,6.0,0.16666666666666666
self,augmented,137,0.6958637469586376,0.6268793546021268,deepseek-ai/DeepSeek-R1-0528-Qwen3-8B,mean,7.0,0.19444444444444445
self,official,10,0.3666666666666667,0.2619047619047619,deepseek-ai/DeepSeek-R1-0528-Qwen3-8B,mean,7.0,0.19444444444444445
self,official:DeepSeek-R1-0528-Qwen3-8B,10,0.3666666666666667,0.2619047619047619,deepseek-ai/DeepSeek-R1-0528-Qwen3-8B,mean,7.0,0.19444444444444445
self,augmented,137,0.6715328467153284,0.5865419875320865,deepseek-ai/DeepSeek-R1-0528-Qwen3-8B,mean,8.0,0.2222222222222222
self,official,10,0.3666666666666667,0.2619047619047619,deepseek-ai/DeepSeek-R1-0528-Qwen3-8B,mean,8.0,0.2222222222222222
self,official:DeepSeek-R1-0528-Qwen3-8B,10,0.3666666666666667,0.2619047619047619,deepseek-ai/DeepSeek-R1-0528-Qwen3-8B,mean,8.0,0.2222222222222222
self,augmented,137,0.6472019464720195,0.5462046204620462,deepseek-ai/DeepSeek-R1-0528-Qwen3-8B,mean,9.0,0.25
self,official,10,0.4000000000000001,0.2857142857142857,deepseek-ai/DeepSeek-R1-0528-Qwen3-8B,mean,9.0,0.25
self,official:DeepSeek-R1-0528-Qwen3-8B,10,0.4000000000000001,0.2857142857142857,deepseek-ai/DeepSeek-R1-0528-Qwen3-8B,mean,9.0,0.25
self,augmented,137,0.6520681265206812,0.5554638797213055,deepseek-ai/DeepSeek-R1-0528-Qwen3-8B,mean,10.0,0.2777777777777778
self,official,10,0.3666666666666667,0.29365079365079366,deepseek-ai/DeepSeek-R1-0528-Qwen3-8B,mean,10.0,0.2777777777777778
self,official:DeepSeek-R1-0528-Qwen3-8B,10,0.3666666666666667,0.29365079365079366,deepseek-ai/DeepSeek-R1-0528-Qwen3-8B,mean,10.0,0.2777777777777778
self,augmented,137,0.6739659367396594,0.5852126879354602,deepseek-ai/DeepSeek-R1-0528-Qwen3-8B,mean,11.0,0.3055555555555556
self,official,10,0.3666666666666667,0.29365079365079366,deepseek-ai/DeepSeek-R1-0528-Qwen3-8B,mean,11.0,0.3055555555555556
self,official:DeepSeek-R1-0528-Qwen3-8B,10,0.3666666666666667,0.29365079365079366,deepseek-ai/DeepSeek-R1-0528-Qwen3-8B,mean,11.0,0.3055555555555556
self,augmented,137,0.6812652068126521,0.5931426475980931,deepseek-ai/DeepSeek-R1-0528-Qwen3-8B,mean,12.0,0.3333333333333333
self,official,10,0.5,0.48412698412698413,deepseek-ai/DeepSeek-R1-0528-Qwen3-8B,mean,12.0,0.3333333333333333
self,official:DeepSeek-R1-0528-Qwen3-8B,10,0.5,0.48412698412698413,deepseek-ai/DeepSeek-R1-0528-Qwen3-8B,mean,12.0,0.3333333333333333
self,augmented,137,0.6715328467153285,0.5865419875320865,deepseek-ai/DeepSeek-R1-0528-Qwen3-8B,mean,13.0,0.3611111111111111
self,official,10,0.3666666666666667,0.3253968253968254,deepseek-ai/DeepSeek-R1-0528-Qwen3-8B,mean,13.0,0.3611111111111111
self,official:DeepSeek-R1-0528-Qwen3-8B,10,0.3666666666666667,0.3253968253968254,deepseek-ai/DeepSeek-R1-0528-Qwen3-8B,mean,13.0,0.3611111111111111
self,augmented,137,0.6763990267639902,0.5838833883388339,deepseek-ai/DeepSeek-R1-0528-Qwen3-8B,mean,14.0,0.3888888888888889
self,official,10,0.26666666666666666,0.19047619047619047,deepseek-ai/DeepSeek-R1-0528-Qwen3-8B,mean,14.0,0.3888888888888889
self,official:DeepSeek-R1-0528-Qwen3-8B,10,0.26666666666666666,0.19047619047619047,deepseek-ai/DeepSeek-R1-0528-Qwen3-8B,mean,14.0,0.3888888888888889
self,augmented,137,0.6715328467153284,0.5865419875320865,deepseek-ai/DeepSeek-R1-0528-Qwen3-8B,mean,15.0,0.4166666666666667
self,official,10,0.2333333333333333,0.1984126984126984,deepseek-ai/DeepSeek-R1-0528-Qwen3-8B,mean,15.0,0.4166666666666667
self,official:DeepSeek-R1-0528-Qwen3-8B,10,0.2333333333333333,0.1984126984126984,deepseek-ai/DeepSeek-R1-0528-Qwen3-8B,mean,15.0,0.4166666666666667
self,augmented,137,0.6788321167883211,0.5825540887422075,deepseek-ai/DeepSeek-R1-0528-Qwen3-8B,mean,16.0,0.4444444444444444
self,official,10,0.26666666666666666,0.25396825396825395,deepseek-ai/DeepSeek-R1-0528-Qwen3-8B,mean,16.0,0.4444444444444444
self,official:DeepSeek-R1-0528-Qwen3-8B,10,0.26666666666666666,0.25396825396825395,deepseek-ai/DeepSeek-R1-0528-Qwen3-8B,mean,16.0,0.4444444444444444
self,augmented,137,0.6934306569343066,0.6013934726806013,deepseek-ai/DeepSeek-R1-0528-Qwen3-8B,mean,17.0,0.4722222222222222
self,official,10,0.3666666666666667,0.35714285714285715,deepseek-ai/DeepSeek-R1-0528-Qwen3-8B,mean,17.0,0.4722222222222222
self,official:DeepSeek-R1-0528-Qwen3-8B,10,0.3666666666666667,0.35714285714285715,deepseek-ai/DeepSeek-R1-0528-Qwen3-8B,mean,17.0,0.4722222222222222
self,augmented,137,0.6934306569343066,0.5954345434543454,deepseek-ai/DeepSeek-R1-0528-Qwen3-8B,mean,18.0,0.5
self,official,10,0.3666666666666667,0.35714285714285715,deepseek-ai/DeepSeek-R1-0528-Qwen3-8B,mean,18.0,0.5
self,official:DeepSeek-R1-0528-Qwen3-8B,10,0.3666666666666667,0.35714285714285715,deepseek-ai/DeepSeek-R1-0528-Qwen3-8B,mean,18.0,0.5
self,augmented,137,0.7104622871046229,0.615924092409241,deepseek-ai/DeepSeek-R1-0528-Qwen3-8B,mean,19.0,0.5277777777777778
self,official,10,0.43333333333333335,0.4365079365079365,deepseek-ai/DeepSeek-R1-0528-Qwen3-8B,mean,19.0,0.5277777777777778
self,official:DeepSeek-R1-0528-Qwen3-8B,10,0.43333333333333335,0.4365079365079365,deepseek-ai/DeepSeek-R1-0528-Qwen3-8B,mean,19.0,0.5277777777777778
self,augmented,137,0.6909975669099757,0.5878254492115879,deepseek-ai/DeepSeek-R1-0528-Qwen3-8B,mean,20.0,0.5555555555555556
self,official,10,0.3333333333333333,0.30158730158730157,deepseek-ai/DeepSeek-R1-0528-Qwen3-8B,mean,20.0,0.5555555555555556
self,official:DeepSeek-R1-0528-Qwen3-8B,10,0.3333333333333333,0.30158730158730157,deepseek-ai/DeepSeek-R1-0528-Qwen3-8B,mean,20.0,0.5555555555555556
self,augmented,137,0.6885644768856448,0.5921342134213422,deepseek-ai/DeepSeek-R1-0528-Qwen3-8B,mean,21.0,0.5833333333333334
self,official,10,0.3333333333333333,0.2698412698412698,deepseek-ai/DeepSeek-R1-0528-Qwen3-8B,mean,21.0,0.5833333333333334
self,official:DeepSeek-R1-0528-Qwen3-8B,10,0.3333333333333333,0.2698412698412698,deepseek-ai/DeepSeek-R1-0528-Qwen3-8B,mean,21.0,0.5833333333333334
self,augmented,137,0.7031630170316302,0.6079941327466081,deepseek-ai/DeepSeek-R1-0528-Qwen3-8B,mean,22.0,0.6111111111111112
self,official,10,0.39999999999999997,0.38095238095238093,deepseek-ai/DeepSeek-R1-0528-Qwen3-8B,mean,22.0,0.6111111111111112
self,official:DeepSeek-R1-0528-Qwen3-8B,10,0.39999999999999997,0.38095238095238093,deepseek-ai/DeepSeek-R1-0528-Qwen3-8B,mean,22.0,0.6111111111111112
self,augmented,137,0.7177615571776156,0.6327924459112578,deepseek-ai/DeepSeek-R1-0528-Qwen3-8B,mean,23.0,0.6388888888888888
self,official,10,0.4666666666666666,0.4603174603174603,deepseek-ai/DeepSeek-R1-0528-Qwen3-8B,mean,23.0,0.6388888888888888
self,official:DeepSeek-R1-0528-Qwen3-8B,10,0.4666666666666666,0.4603174603174603,deepseek-ai/DeepSeek-R1-0528-Qwen3-8B,mean,23.0,0.6388888888888888
self,augmented,137,0.6909975669099757,0.5997433076640998,deepseek-ai/DeepSeek-R1-0528-Qwen3-8B,mean,24.0,0.6666666666666666
self,official,10,0.3666666666666667,0.3253968253968254,deepseek-ai/DeepSeek-R1-0528-Qwen3-8B,mean,24.0,0.6666666666666666
self,official:DeepSeek-R1-0528-Qwen3-8B,10,0.3666666666666667,0.3253968253968254,deepseek-ai/DeepSeek-R1-0528-Qwen3-8B,mean,24.0,0.6666666666666666
self,augmented,137,0.6885644768856448,0.5921342134213421,deepseek-ai/DeepSeek-R1-0528-Qwen3-8B,mean,25.0,0.6944444444444444
self,official,10,0.39999999999999997,0.38095238095238093,deepseek-ai/DeepSeek-R1-0528-Qwen3-8B,mean,25.0,0.6944444444444444
self,official:DeepSeek-R1-0528-Qwen3-8B,10,0.39999999999999997,0.38095238095238093,deepseek-ai/DeepSeek-R1-0528-Qwen3-8B,mean,25.0,0.6944444444444444
self,augmented,137,0.6788321167883211,0.5855335533553355,deepseek-ai/DeepSeek-R1-0528-Qwen3-8B,mean,26.0,0.7222222222222222
self,official,10,0.39999999999999997,0.38095238095238093,deepseek-ai/DeepSeek-R1-0528-Qwen3-8B,mean,26.0,0.7222222222222222
self,official:DeepSeek-R1-0528-Qwen3-8B,10,0.39999999999999997,0.38095238095238093,deepseek-ai/DeepSeek-R1-0528-Qwen3-8B,mean,26.0,0.7222222222222222
self,augmented,137,0.6690997566909975,0.572973964063073,deepseek-ai/DeepSeek-R1-0528-Qwen3-8B,mean,27.0,0.75
self,official,10,0.39999999999999997,0.38095238095238093,deepseek-ai/DeepSeek-R1-0528-Qwen3-8B,mean,27.0,0.75
self,official:DeepSeek-R1-0528-Qwen3-8B,10,0.39999999999999997,0.38095238095238093,deepseek-ai/DeepSeek-R1-0528-Qwen3-8B,mean,27.0,0.75
self,augmented,137,0.6520681265206812,0.5524844151081775,deepseek-ai/DeepSeek-R1-0528-Qwen3-8B,mean,28.0,0.7777777777777778
self,official,10,0.39999999999999997,0.38095238095238093,deepseek-ai/DeepSeek-R1-0528-Qwen3-8B,mean,28.0,0.7777777777777778
self,official:DeepSeek-R1-0528-Qwen3-8B,10,0.39999999999999997,0.38095238095238093,deepseek-ai/DeepSeek-R1-0528-Qwen3-8B,mean,28.0,0.7777777777777778
self,augmented,137,0.6788321167883211,0.5914924825815916,deepseek-ai/DeepSeek-R1-0528-Qwen3-8B,mean,29.0,0.8055555555555556
self,official,10,0.3333333333333333,0.2698412698412698,deepseek-ai/DeepSeek-R1-0528-Qwen3-8B,mean,29.0,0.8055555555555556
self,official:DeepSeek-R1-0528-Qwen3-8B,10,0.3333333333333333,0.2698412698412698,deepseek-ai/DeepSeek-R1-0528-Qwen3-8B,mean,29.0,0.8055555555555556
self,augmented,137,0.6690997566909975,0.572973964063073,deepseek-ai/DeepSeek-R1-0528-Qwen3-8B,mean,30.0,0.8333333333333334
self,official,10,0.26666666666666666,0.19047619047619047,deepseek-ai/DeepSeek-R1-0528-Qwen3-8B,mean,30.0,0.8333333333333334
self,official:DeepSeek-R1-0528-Qwen3-8B,10,0.26666666666666666,0.19047619047619047,deepseek-ai/DeepSeek-R1-0528-Qwen3-8B,mean,30.0,0.8333333333333334
self,augmented,137,0.6545012165450123,0.5571140447378071,deepseek-ai/DeepSeek-R1-0528-Qwen3-8B,mean,31.0,0.8611111111111112
self,official,10,0.3333333333333333,0.30158730158730157,deepseek-ai/DeepSeek-R1-0528-Qwen3-8B,mean,31.0,0.8611111111111112
self,official:DeepSeek-R1-0528-Qwen3-8B,10,0.3333333333333333,0.30158730158730157,deepseek-ai/DeepSeek-R1-0528-Qwen3-8B,mean,31.0,0.8611111111111112
self,augmented,137,0.6690997566909975,0.572973964063073,deepseek-ai/DeepSeek-R1-0528-Qwen3-8B,mean,32.0,0.8888888888888888
self,official,10,0.26666666666666666,0.19047619047619047,deepseek-ai/DeepSeek-R1-0528-Qwen3-8B,mean,32.0,0.8888888888888888
self,official:DeepSeek-R1-0528-Qwen3-8B,10,0.26666666666666666,0.19047619047619047,deepseek-ai/DeepSeek-R1-0528-Qwen3-8B,mean,32.0,0.8888888888888888
self,augmented,137,0.6593673965936739,0.5723322332233224,deepseek-ai/DeepSeek-R1-0528-Qwen3-8B,mean,33.0,0.9166666666666666
self,official,10,0.3,0.24603174603174602,deepseek-ai/DeepSeek-R1-0528-Qwen3-8B,mean,33.0,0.9166666666666666
self,official:DeepSeek-R1-0528-Qwen3-8B,10,0.3,0.24603174603174602,deepseek-ai/DeepSeek-R1-0528-Qwen3-8B,mean,33.0,0.9166666666666666
self,augmented,137,0.6593673965936739,0.5663733039970663,deepseek-ai/DeepSeek-R1-0528-Qwen3-8B,mean,34.0,0.9444444444444444
self,official,10,0.3333333333333333,0.2698412698412698,deepseek-ai/DeepSeek-R1-0528-Qwen3-8B,mean,34.0,0.9444444444444444
self,official:DeepSeek-R1-0528-Qwen3-8B,10,0.3333333333333333,0.2698412698412698,deepseek-ai/DeepSeek-R1-0528-Qwen3-8B,mean,34.0,0.9444444444444444
self,augmented,137,0.6763990267639902,0.5809039237257059,deepseek-ai/DeepSeek-R1-0528-Qwen3-8B,mean,35.0,0.9722222222222222
self,official,10,0.26666666666666666,0.25396825396825395,deepseek-ai/DeepSeek-R1-0528-Qwen3-8B,mean,35.0,0.9722222222222222
self,official:DeepSeek-R1-0528-Qwen3-8B,10,0.26666666666666666,0.25396825396825395,deepseek-ai/DeepSeek-R1-0528-Qwen3-8B,mean,35.0,0.9722222222222222
self,augmented,137,0.6885644768856448,0.5951136780344701,deepseek-ai/DeepSeek-R1-0528-Qwen3-8B,mean,36.0,1.0
self,official,10,0.3333333333333333,0.30158730158730157,deepseek-ai/DeepSeek-R1-0528-Qwen3-8B,mean,36.0,1.0
self,official:DeepSeek-R1-0528-Qwen3-8B,10,0.3333333333333333,0.30158730158730157,deepseek-ai/DeepSeek-R1-0528-Qwen3-8B,mean,36.0,1.0
